id_en,slug_en,numero_vecchio,numero_nuovo
615f1b80-14a9-4897-83d5-63b552957370,14-games-to-play-together,4679dd4e-f3d5-4bc2-9e6b-174afd227bdb,ecff4d73-c26e-484f-9f7c-b46a89735895
baa4a5e6-bee8-4bbb-b5d4-ceecacb97e92,pope-wojtyas-letter,NULL,c5320d1d-c8df-4ee2-8311-5a9454effc0b
d89ab8f5-2595-443d-9a45-fb0d23f67341,three-lives-with-sabina-a-fathers-journey-through-darkness-hope-and-love,NULL,c5320d1d-c8df-4ee2-8311-5a9454effc0b
ca261c06-06f7-43b5-97f7-5560c54e54a7,the-clear-sky-returns,NULL,c5320d1d-c8df-4ee2-8311-5a9454effc0b
ad75be0c-ed44-4046-9f5d-b3052d670c7c,no-longer-alone-a-mothers-journey-with-fede-e-luce,NULL,588920a7-542e-4c51-ac41-af8942275264
d1840c3b-a4be-4fe0-a60c-8270c6d709ca,why-together-special,NULL,8f642bf9-ca45-4039-9ad1-a26c9a8eab7d
d5f14f12-8f82-4ac1-89bb-9f76a148f9f8,in-the-storm-yet-not-alone,NULL,588920a7-542e-4c51-ac41-af8942275264
42c2a880-59dd-4641-a955-861fd84b0914,easter-light-at-fede-e-luce,NULL,c5320d1d-c8df-4ee2-8311-5a9454effc0b
585d4b23-41c7-4cb1-9183-a347bd71ea76,you-sustain-me,NULL,c5320d1d-c8df-4ee2-8311-5a9454effc0b
f3718047-2fbd-46ec-84c1-3888e0a8d8a1,in-welcoming-community,NULL,8f642bf9-ca45-4039-9ad1-a26c9a8eab7d
8acb1d23-272a-416f-ac5d-f16a1c61fb45,parents-of-children-with-disabilities-no-one-disturbs-anyone,NULL,c5320d1d-c8df-4ee2-8311-5a9454effc0b
ba59207c-bd15-4fc3-b29a-8eacb86ad34f,walking-with-the-saints,NULL,8f642bf9-ca45-4039-9ad1-a26c9a8eab7d
755a14ad-8c27-4c95-9fb0-3a6c3cc658e5,pilgrims-in-community,NULL,8f642bf9-ca45-4039-9ad1-a26c9a8eab7d
ddead178-3fcb-48be-9f3f-ca95cf9fa260,breaking-barriers-my-journey-as-an-autistic-actor,NULL,9a52facd-5e9b-4555-8e96-76eae19aba27
7c5151cd-dc39-44db-9bb0-086139655228,the-holy-spirit-gift-of-the-risen-jesus,NULL,8f642bf9-ca45-4039-9ad1-a26c9a8eab7d
41c1eb38-2b30-4dee-9d2c-9df7d83998a4,the-celebration-goes-on,NULL,c5320d1d-c8df-4ee2-8311-5a9454effc0b
58b5bdbf-4b3d-4cf9-963d-b5eed84c970a,the-risen-christ-makes-us-one-people,NULL,8f642bf9-ca45-4039-9ad1-a26c9a8eab7d
d79e8eae-adb0-489d-923e-8090742ec51b,faithful-friends,NULL,c5320d1d-c8df-4ee2-8311-5a9454effc0b
9d11262d-b927-4764-978e-9b0279c5fdb2,in-personal-prayer,NULL,8f642bf9-ca45-4039-9ad1-a26c9a8eab7d
2b5e2d9f-f567-4c91-8e8d-e7f1e170417d,i-was-afraid,NULL,c5320d1d-c8df-4ee2-8311-5a9454effc0b
b9ce4084-e3bb-4e18-902f-b45c31585e5e,where-the-handicapped-person-belongs-in-our-communities,NULL,c5320d1d-c8df-4ee2-8311-5a9454effc0b
8e538551-8e01-449b-a1fa-6ab871c3ec3e,how-faith-and-light-is-organized,NULL,c5320d1d-c8df-4ee2-8311-5a9454effc0b
3ccf1a79-27d2-42bb-bb17-89cc8da904bd,growing-up-with-my-brother,NULL,588920a7-542e-4c51-ac41-af8942275264
0d08d7c9-441b-47e3-8c09-9f64a48cc474,when-waiting-becomes-encounter,NULL,588920a7-542e-4c51-ac41-af8942275264
a0e7d16e-aa1a-4fe3-bec5-ec170156eaa5,beyond-labels-what-lies-beneath-adjectives,NULL,ea88c459-8d1a-446d-ae63-377090098c7b
c7c2d351-3ae0-4c63-b6cc-9517994df348,pilgrimage-to-faith-and-light,NULL,c5320d1d-c8df-4ee2-8311-5a9454effc0b
ba036587-ad31-4266-bf4d-e3ca4de0dd71,come-to-me-in-the-eucharist,NULL,8f642bf9-ca45-4039-9ad1-a26c9a8eab7d
00596edb-69bb-4af7-bc32-23048cbb1b89,22-mini-games-to-play-together,4679dd4e-f3d5-4bc2-9e6b-174afd227bdb,ecff4d73-c26e-484f-9f7c-b46a89735895
f84ecb17-d236-48f9-999c-d94439800c2d,everyone-has-a-place-in-the-community,NULL,c5320d1d-c8df-4ee2-8311-5a9454effc0b
96bcdcff-8fbd-403a-8679-d32e5fc17414,for-all-the-sabinas-of-the-world,4679dd4e-f3d5-4bc2-9e6b-174afd227bdb,ff3181ca-c771-4796-afde-2c423f738392
51ad5fad-c4d7-4841-9909-aa2c7d080605,celebration-at-fede-e-luce,NULL,c5320d1d-c8df-4ee2-8311-5a9454effc0b
6665fb25-baf6-4785-9c59-ce583351cdba,faith-and-light-questions-and-answers,NULL,c5320d1d-c8df-4ee2-8311-5a9454effc0b
abf90f18-910f-404a-b4d5-cfc28eb98ffa,the-joy-of-being-a-priest,NULL,c5320d1d-c8df-4ee2-8311-5a9454effc0b
5b32fec8-c79c-4f6d-ba31-a58d0a0cc6b7,life-in-faith-and-light-no-47,4679dd4e-f3d5-4bc2-9e6b-174afd227bdb,ff3181ca-c771-4796-afde-2c423f738392
1371172d-78c4-4b68-aebf-ac9f40bab3de,play-and-the-autistic-child,4679dd4e-f3d5-4bc2-9e6b-174afd227bdb,ecff4d73-c26e-484f-9f7c-b46a89735895
ccbca77c-9c4e-43c7-81ad-ff3c128c2029,what-is-faith-and-light-and-how-does-it-work,NULL,c5320d1d-c8df-4ee2-8311-5a9454effc0b
4093e721-831d-4b08-bdc5-42271ac19dad,catechesis-and-disability-the-sacrament-of-reconciliation,4679dd4e-f3d5-4bc2-9e6b-174afd227bdb,ff3181ca-c771-4796-afde-2c423f738392
b1e75f21-3d52-40a7-b826-f632453723a4,the-brothers-and-sisters-of-people-with-disabilities,NULL,c5320d1d-c8df-4ee2-8311-5a9454effc0b
7e4e1ba5-7ac1-48f7-a42e-b60788a01ca8,a-place-for-everyone-work-dignity-and-autism-at-autelier,NULL,588920a7-542e-4c51-ac41-af8942275264
a26e43cc-32c1-48fd-b28e-17087907a449,where-parents-meet,NULL,c5320d1d-c8df-4ee2-8311-5a9454effc0b
53243f17-8659-4fc5-a342-fa8ad7414e89,and-a-star-lights-up-from-fear-to-hope-navigating-a-changed-world-since-september-11,NULL,c2e2d9e4-eba1-4c25-9efa-1b07cd93de3c
2c7df94a-d033-4c4d-88a7-c3c32c613529,starting-a-community,NULL,c5320d1d-c8df-4ee2-8311-5a9454effc0b
7b652054-4c89-42ed-81cc-eb950ab9e73c,he-wont-go-to-mass-anymore,4679dd4e-f3d5-4bc2-9e6b-174afd227bdb,ff3181ca-c771-4796-afde-2c423f738392
0ee258d1-060d-403e-a801-a3b11531d8e8,a-heavy-burden,4679dd4e-f3d5-4bc2-9e6b-174afd227bdb,ff3181ca-c771-4796-afde-2c423f738392
d9cf0873-fcef-493b-a659-9982f1826021,what-faith-and-light-is-three-answers,NULL,c5320d1d-c8df-4ee2-8311-5a9454effc0b
d7dbcff8-5157-4b5f-8678-e403a7441903,when-play-is-hard-or-impossible,7b72c358-c67b-4381-ab4d-bdaf8108858b,ecff4d73-c26e-484f-9f7c-b46a89735895
467c5d36-e26f-49d3-9571-88904aa604e4,me-in-pompei,NULL,588920a7-542e-4c51-ac41-af8942275264
31b9e708-5dce-484a-ae32-dbe447829e01,faith-and-lights-first-summer-camp,NULL,c5320d1d-c8df-4ee2-8311-5a9454effc0b
f2d944b5-cbe1-4d98-baa0-f936ba9a2720,with-mary,NULL,8f642bf9-ca45-4039-9ad1-a26c9a8eab7d
40a965cc-5c0c-45d4-bb11-4315a867f666,they-are-the-ones-who-unite-us-and-show-us-the-way,NULL,8f642bf9-ca45-4039-9ad1-a26c9a8eab7d
ccbfedb6-1629-4915-9d64-36bd4e9ff337,lets-play,4679dd4e-f3d5-4bc2-9e6b-174afd227bdb,ecff4d73-c26e-484f-9f7c-b46a89735895
453bad6c-04f1-4831-b836-7afc86bd4461,18-questions-about-faith-and-light,NULL,c5320d1d-c8df-4ee2-8311-5a9454effc0b
3a87f624-ad9d-419f-9d9f-67e1525e1747,in-the-eucharist-remain-in-me,NULL,8f642bf9-ca45-4039-9ad1-a26c9a8eab7d
5c2549f5-c349-4043-bfe9-e51499e21575,nourished-by-jesus-through-the-word,NULL,8f642bf9-ca45-4039-9ad1-a26c9a8eab7d
fa5dd7d2-ff3c-4b3f-bad7-df5343d0fa8c,the-choice-to-be-chosen,NULL,c5320d1d-c8df-4ee2-8311-5a9454effc0b
7ba58d08-852a-43e1-a883-ee27dc654c57,pilgrims-together-we-are-all-on-a-journey,NULL,8f642bf9-ca45-4039-9ad1-a26c9a8eab7d
2fc65aa3-5b84-4a85-9f67-7ddac3415c61,confession,4679dd4e-f3d5-4bc2-9e6b-174afd227bdb,ff3181ca-c771-4796-afde-2c423f738392
4e71f6ec-41d5-4c26-b186-53401f48331b,everyone-has-their-place-in-the-community,NULL,8f642bf9-ca45-4039-9ad1-a26c9a8eab7d
c24e1578-5018-4fc4-9510-b6bcdf0ac7bc,fanny-who-sees-a-future-for-herself,NULL,b8efd8b6-bdf0-42ed-aff9-13d77ce88316
7aec93ab-6dce-4996-892b-2b8e2a5facf2,cardinal-humes-introduction,NULL,8f642bf9-ca45-4039-9ad1-a26c9a8eab7d
b51275a0-30e8-464a-b61b-690858c241cc,forgiveness,NULL,8f642bf9-ca45-4039-9ad1-a26c9a8eab7d
576f3dcc-01c3-449e-9353-2861fdc444f9,choosing-toys-and-games-for-children-with-disabilities,4679dd4e-f3d5-4bc2-9e6b-174afd227bdb,ecff4d73-c26e-484f-9f7c-b46a89735895
2b310d8e-509b-4355-8d75-8c9f21fcd740,doing-the-fathers-will,NULL,8f642bf9-ca45-4039-9ad1-a26c9a8eab7d
5438643d-ced6-4020-8543-d2fd68d95146,when-an-encounter-changes-everything,NULL,588920a7-542e-4c51-ac41-af8942275264
5c1231d9-74e9-4ef4-8b4e-db11643a3e2c,making-cinema-heard-accessibility-and-hearing-loss-at-the-rome-film-festival,NULL,588920a7-542e-4c51-ac41-af8942275264
ba91a837-09a2-4d7e-9ccd-da0fb345d5ff,building-a-future-for-people-with-disabilities,4679dd4e-f3d5-4bc2-9e6b-174afd227bdb,ff3181ca-c771-4796-afde-2c423f738392
816ff7aa-0a70-4d7f-86f8-a4764f127e54,70-games-to-calm-your-child-ages-26,4679dd4e-f3d5-4bc2-9e6b-174afd227bdb,ecff4d73-c26e-484f-9f7c-b46a89735895
37385272-7f99-4ca1-a1f7-888db243f66a,august-in-the-city,4679dd4e-f3d5-4bc2-9e6b-174afd227bdb,ff3181ca-c771-4796-afde-2c423f738392
e2bd911a-5102-4615-9b7d-2670498a40f1,the-magnificat-and-our-fragility,NULL,588920a7-542e-4c51-ac41-af8942275264
0f837272-c290-474d-a086-632786b46f03,easter-1981-faith-and-light-gathers-at-lourdes,NULL,8f642bf9-ca45-4039-9ad1-a26c9a8eab7d
bdddb716-46bb-4269-a0c4-b2bff2cfe419,singing-is-playing-playing-is-connection,4679dd4e-f3d5-4bc2-9e6b-174afd227bdb,ecff4d73-c26e-484f-9f7c-b46a89735895
feda60f2-5a8b-434c-a667-9a7e07c225c0,prayer-together-in-community,NULL,8f642bf9-ca45-4039-9ad1-a26c9a8eab7d