id_articolo,nuovo_cluster_id,score_coerenza
43,14,0.2563
65,14,0.2822
67,14,0.2944
76,3,0.2312
88,8,0.1545
224,14,0.2630
228,0,0.2058
300,0,0.1754
313,0,0.2112
325,14,0.2266
328,1,0.2198
330,0,0.2313
340,0,0.2016
342,0,0.1887
353,14,0.2593
371,11,0.2204
603,12,0.3115
607,14,0.2714
609,11,0.2087
612,14,0.2766
617,14,0.1296
764,2,0.2187
767,1,0.2225
774,10,0.3131
777,2,0.2724
981,4,0.3481
1183,2,0.2527
1186,2,0.2489
1188,14,0.1527
1195,14,0.2331
1206,4,0.3733
1211,1,0.1813
1217,12,0.2395
1223,12,0.1852
1410,2,0.2584
1412,3,0.1929
1414,2,0.1507
1419,0,0.2246
1421,0,0.2119
1423,12,0.1817
1425,0,0.1274
1435,5,0.2821
1438,0,0.2111
1440,10,0.3280
1442,10,0.2802
1444,10,0.2971
1446,10,0.3096
1449,10,0.2764
1451,10,0.3842
1453,10,0.1113
1455,10,0.3272
1457,6,0.0559
1560,4,0.4015
1563,4,0.3566
1591,5,0.3655
1637,11,0.1966
1707,5,0.3331
1794,6,0.2294
1803,6,0.2188
1940,4,0.1992
1955,3,0.2328
1957,14,0.1737
1960,8,0.2383
2051,6,0.1281
2053,6,0.1876
2055,6,0.2327
2057,6,0.2095
2069,5,0.3630
2175,5,0.3713
2192,14,0.1346
2196,6,0.1729
2199,14,0.1264
2201,5,0.3035
2203,14,0.1859
2205,14,0.1981
2212,14,0.2048
2214,1,0.0860
2218,14,0.3009
2220,14,0.2891
2222,11,0.2482
2238,3,0.2946
2243,3,0.3031
2252,5,0.2365
2257,14,0.2228
2259,3,0.2829
2263,12,0.1301
2265,3,0.2350
2270,12,0.2398
2272,14,0.2299
2274,5,0.3710
2291,4,0.3258
2294,4,0.3204
2299,4,0.3489
2343,1,0.2359
2348,1,0.2567
2352,1,0.2798
2354,1,0.3074
2356,1,0.3337
2358,1,0.2438
2361,1,0.1600
2363,1,0.2202
2366,5,0.3301
2368,6,0.2360
2380,1,0.2777
2391,1,0.2465
2394,1,0.2467
2396,8,0.2566
2398,12,0.1581
2400,12,0.2735
2402,12,0.2459
2404,11,0.1788
2406,5,0.3402
2410,8,0.1232
2416,1,0.2120
2427,14,0.3065
2431,14,0.3639
2433,0,0.1827
2437,0,0.1562
2439,14,0.2776
2441,14,0.3109
2443,11,0.2529
2445,5,0.3509
2641,3,0.2476
2859,4,0.3492
2862,4,0.3271
2887,4,0.3888
3002,14,0.3067
3009,11,0.2156
3013,14,0.2351
3015,14,0.2656
3018,14,0.2142
3023,14,0.2402
3027,14,0.2823
3031,14,0.2747
3035,14,0.2831
3038,14,0.2092
3040,12,0.2865
3046,6,0.1772
3048,6,0.1365
3050,5,0.2849
3116,4,0.2610
3121,5,0.2491
3136,6,0.1979
3139,6,0.1813
3141,8,0.1677
3143,11,0.1847
3146,12,0.2621
3149,0,0.1932
3150,14,0.2589
3153,1,0.1103
3158,1,0.1347
3160,1,0.2387
3347,0,0.0978
3371,6,0.1865
3646,4,0.2467
3648,4,0.2653
3650,4,0.1114
3984,3,0.3151
3988,5,0.3150
3992,0,0.1814
3997,5,0.3569
4003,10,0.3483
4013,5,0.2514
4017,10,0.3058
4023,10,0.1812
4032,10,0.1848
4039,4,0.1446
4047,10,0.0869
4054,0,0.1985
4058,5,0.3163
4063,5,0.3051
4070,0,0.1818
4078,5,0.3122
4081,2,0.1899
4151,2,0.2028
4369,0,0.1507
4410,6,0.1700
4417,5,0.2002
4419,12,0.2095
4426,6,0.2190
4434,14,0.2900
4439,1,0.2799
4442,14,0.1917
4444,14,0.2372
4605,14,0.0961
4611,1,0.2061
4618,1,0.2480
4625,14,0.2346
4639,14,0.1942
4641,14,0.2337
4647,14,0.1956
4651,14,0.2664
4654,14,0.1683
4668,14,0.2102
4673,6,0.1485
4704,3,0.1395
4764,14,0.3199
4787,11,0.2051
4792,0,0.1319
4794,0,0.0885
4799,0,0.1085
4803,0,0.0903
4806,0,0.1322
4807,14,0.3063
4809,0,0.0910
4811,0,0.1145
4814,1,0.2029
4821,14,0.3196
4836,0,0.1765
4839,14,0.2700
4841,14,0.2205
4843,14,0.1953
4847,6,0.2471
4876,4,0.3675
4894,14,0.2505
4896,14,0.2844
4899,6,0.1368
4931,0,0.1774
4937,0,0.1813
4988,14,0.3224
5012,14,0.2562
5020,12,0.2320
5033,12,0.2869
5040,12,0.3159
5044,12,0.1647
5057,12,0.2342
5061,12,0.1933
5063,5,0.3236
5096,14,0.1863
5108,0,0.2409
5118,0,0.1577
5129,0,0.1585
5147,14,0.2027
5149,1,0.2438
5164,1,0.3061
5170,6,0.1474
5173,6,0.1785
5175,6,0.2159
5178,5,0.3080
5193,10,0.3199
5200,10,0.3375
5213,10,0.3232
5216,3,0.2252
5247,3,0.1653
5266,3,0.2753
5272,10,0.3000
5275,3,0.2556
5287,10,0.3336
5304,10,0.3117
5313,3,0.2179
5328,10,0.3361
5381,14,0.2273
5387,8,0.1859
5396,10,0.2973
5403,10,0.1994
5407,10,0.3248
5420,10,0.3047
5429,12,0.2651
5447,8,0.1043
5464,10,0.2977
5578,0,0.2021
5597,1,0.1569
5610,14,0.2596
5617,1,0.2376
5650,12,0.2563
5671,0,0.1839
5675,3,0.2447
5690,5,0.3818
5698,11,0.2053
5717,14,0.2951
5723,12,0.2297
5742,14,0.2500
5745,14,0.2129
5751,14,0.1324
5756,2,0.2548
5760,12,0.2206
5763,2,0.2089
5768,14,0.2239
5773,12,0.2802
5776,12,0.2204
5779,6,0.2455
5782,14,0.0981
5784,5,0.2873
5840,3,0.1818
5844,3,0.2351
5846,3,0.2415
5854,3,0.3165
5857,3,0.2468
5861,3,0.2376
5869,12,0.1320
5879,3,0.2731
5892,4,0.3703
5904,4,0.3818
5909,4,0.3717
5916,4,0.3822
5918,4,0.3907
5921,4,0.3943
5923,4,0.3885
6024,11,0.1944
6035,0,0.1871
6044,14,0.1426
6045,3,0.3272
6049,3,0.2052
6052,3,0.1363
6053,0,0.1316
6059,14,0.2408
6062,1,0.2242
6067,3,0.2527
6072,6,0.1360
6074,6,0.1158
6076,12,0.1833
6081,1,0.1389
6082,6,0.1489
6083,3,0.2779
6087,5,0.1907
6106,3,0.2894
6109,3,0.2468
6111,14,0.2079
6128,14,0.2314
6144,11,0.2702
6160,1,0.2478
6176,3,0.3089
6181,14,0.1726
6188,12,0.3010
6195,6,0.0938
6198,6,0.1418
6201,3,0.1735
6205,6,0.0967
6207,14,0.1712
6210,5,0.2993
6337,14,0.2266
6344,3,0.2212
6346,3,0.2668
6350,6,0.2492
6352,14,0.2087
6357,14,0.2292
6361,14,0.2927
6370,3,0.2052
6373,14,0.3162
6381,14,0.2426
6384,12,0.2250
6387,12,0.1968
6398,5,0.3424
6436,6,0.0604
6441,6,0.1520
6458,13,0.1481
6483,13,0.1495
6518,1,0.1934
6551,13,0.1509
6560,4,0.1416
6572,1,0.2028
6575,1,0.2049
6582,1,0.2301
6586,1,0.2217
6589,1,0.2607
6592,8,0.1705
6595,1,0.2304
6599,2,0.2076
6602,1,0.0847
6607,11,0.2156
6618,13,0.2028
6634,6,0.2228
6640,14,0.2183
6642,6,0.1918
6644,6,0.0691
6646,6,0.1335
6649,12,0.2977
6652,12,0.3392
6657,0,0.2160
6670,12,0.1170
6673,12,0.2945
6678,0,0.1674
6682,0,0.2608
6686,11,0.1974
6700,3,0.2588
6712,5,0.3575
6724,0,0.2117
6726,11,0.2618
6728,3,0.2386
6730,3,0.2688
6732,3,0.2021
6735,3,0.2366
6741,14,0.2472
6745,14,0.2540
6761,5,0.3500
6767,3,0.2119
6774,1,0.2887
6778,12,0.2716
6781,14,0.1957
6796,0,0.1221
6800,14,0.2291
6805,11,0.2135
6809,0,0.2273
6849,9,0.1477
6855,13,0.2105
6866,13,0.1369
6894,6,0.2168
6901,6,0.2159
6903,6,0.2032
6905,11,0.2593
6907,5,0.3291
6916,3,0.1974
6929,5,0.3065
6933,5,0.3277
6935,5,0.3775
6937,5,0.3232
6939,5,0.2641
6941,5,0.3045
6943,5,0.2251
6956,1,0.0256
6967,13,0.0550
6976,6,0.1843
6982,6,0.2108
6984,6,0.1739
6988,6,0.1198
6990,5,0.3108
6991,13,0.0975
7021,0,0.1283
7027,1,0.1967
7029,12,0.2974
7036,12,0.2593
7046,14,0.2968
7050,14,0.2425
7052,1,0.2800
7054,9,0.1178
7059,11,0.1571
7062,14,0.2790
7074,13,0.1770
7079,0,0.0733
7103,5,0.3567
7109,12,0.2039
7116,6,0.2122
7118,6,0.2246
7120,14,0.2406
7123,1,0.2167
7124,14,0.0000
7146,1,0.1597
7149,1,0.2125
7153,1,0.2220
7157,1,0.1815
7160,6,0.0244
7163,12,0.2375
7166,1,0.2612
7183,1,0.0497
7189,6,0.1354
7199,5,0.1498
7202,12,0.1838
7211,14,0.3045
7216,3,0.2519
7219,1,0.2866
7223,0,0.1476
7227,0,0.1528
7230,0,0.1870
7239,11,0.1440
7250,13,0.2089
7254,13,0.0861
7270,6,0.2049
7288,13,0.2389
7294,1,0.1265
7303,1,0.0678
7314,11,0.2069
7319,5,0.3327
7322,14,0.2383
7327,14,0.2784
7328,5,0.2911
7332,14,0.2753
7335,4,0.3248
7347,12,0.2959
7367,1,0.2620
7378,8,0.2286
7384,6,0.1077
7403,13,0.1148
7412,13,0.1915
7424,11,0.2367
7431,14,0.1311
7434,14,0.2170
7440,12,0.2336
7451,6,0.0870
7456,14,0.0754
7461,1,0.2424
7465,14,0.2209
7468,14,0.2900
7470,1,0.1589
7474,1,0.2632
7476,14,0.2389
7479,14,0.2257
7557,13,0.1725
7560,13,0.2060
7568,5,0.2991
7570,3,0.1364
7572,13,0.1471
7663,13,0.0600
7682,5,0.3312
7687,5,0.3495
7690,5,0.3023
7695,5,0.3411
7707,5,0.2906
7716,5,0.2902
7723,5,0.3254
7729,5,0.2850
7734,2,0.2634
7740,1,0.2873
7754,2,0.3162
7758,5,0.2662
7762,5,0.3187
7770,5,0.3192
7779,5,0.1861
7783,10,0.4115
7789,5,0.2937
7798,5,0.3840
7810,5,0.2439
7816,5,0.3578
7828,5,0.4355
7842,5,0.3063
7852,5,0.3426
7862,5,0.3436
7874,5,0.3332
7903,6,0.2192
7917,6,0.2116
7919,1,0.1574
7922,1,0.1361
7926,1,0.3402
7932,0,0.1713
7936,0,0.2333
7941,0,0.1305
7944,14,0.3542
7951,1,0.3117
7958,0,0.1574
7966,11,0.3155
7968,12,0.2425
8017,9,0.1512
8043,13,0.2118
8057,14,0.2478
8089,13,0.0830
8094,13,0.1622
8104,6,0.1954
8108,14,0.1634
8118,0,0.1704
8129,14,0.3506
8134,14,0.2639
8140,14,0.3320
8145,11,0.2665
8147,14,0.2429
8168,5,0.3610
8174,6,0.1077
8179,3,0.1869
8184,11,0.1512
8192,12,0.1779
8199,2,0.1841
8203,0,0.2117
8207,2,0.1789
8213,0,0.1253
8217,2,0.2071
8223,2,0.2358
8229,0,0.2147
8272,6,0.2047
8277,6,0.1193
8278,12,0.2385
8303,6,0.2361
8307,12,0.2475
8312,1,0.2161
8322,8,0.1002
8325,14,0.2122
8328,14,0.2209
8331,11,0.3000
8358,6,0.1375
8362,6,0.1798
8366,1,0.2516
8369,14,0.2186
8371,0,0.2630
8376,14,0.3403
8382,14,0.1998
8386,0,0.1921
8398,13,0.2057
8409,11,0.2446
8417,1,0.0951
8422,13,0.1710
8426,8,0.1216
8428,3,0.2562
8430,6,0.2630
8432,12,0.3049
8440,12,0.2638
8458,14,0.2468
8465,14,0.2394
8479,14,0.2880
8514,14,0.2092
8517,13,0.1098
8578,6,0.0794
8584,1,0.1811
8586,14,0.2506
8593,5,0.2918
8595,14,0.2976
8599,14,0.2519
8601,10,0.2014
8605,10,0.3008
8612,14,0.2846
8615,10,0.3071
8656,13,0.1085
8665,6,0.2155
8697,14,0.1967
8699,6,0.1872
8712,6,0.2044
8714,5,0.2862
8716,14,0.1365
8719,2,0.2018
8724,14,0.2295
8727,14,0.2298
8729,2,0.2708
8731,12,0.1477
8738,14,0.3252
8752,3,0.1924
8776,6,0.2138
8784,3,0.2196
8796,11,0.2066
8798,5,0.3560
8803,3,0.2584
8809,3,0.1696
8811,3,0.2303
8816,14,0.1845
8818,14,0.2603
8822,3,0.1300
8829,3,0.3187
8849,6,0.1623
8868,13,0.1600
8877,6,0.0647
8884,6,0.0955
8887,5,0.2752
8890,3,0.1751
8893,2,0.2298
8900,2,0.2294
8903,2,0.2950
8905,1,0.3293
8908,2,0.2107
8910,8,0.3659
8912,0,0.2308
8914,11,0.1443
8935,14,0.2426
8971,5,0.3171
8981,6,0.2410
8987,6,0.2009
8989,12,0.2793
8996,12,0.2653
8998,11,0.2546
9000,14,0.2214
9002,0,0.1872
9004,0,0.1487
9006,14,0.2857
9007,14,0.2951
9010,14,0.2775
9023,4,0.2978
9061,6,0.2339
9066,6,0.2458
9070,6,0.1567
9072,6,0.2461
9074,5,0.3101
9076,11,0.2193
9078,6,0.1469
9081,0,0.1695
9085,9,0.0763
9088,12,0.2366
9091,8,0.2370
9099,14,0.2502
9101,12,0.3331
9103,14,0.2252
9112,0,0.1962
9116,2,0.2933
9119,0,0.2300
9126,0,0.1625
9129,14,0.3049
9132,14,0.2495
9144,1,0.2002
9147,12,0.1478
9150,0,0.0455
9186,3,0.2394
9190,13,0.0880
9242,6,0.1385
9244,6,0.2092
9256,3,0.2619
9258,6,0.1504
9260,11,0.2120
9263,12,0.2898
9265,12,0.3309
9269,0,0.1807
9271,14,0.1712
9274,2,0.2240
9276,14,0.2026
9278,14,0.1616
9282,14,0.1985
9284,0,0.2003
9292,0,0.1882
9332,13,0.1857
9370,3,0.1625
9375,6,0.1729
9377,5,0.3633
9380,11,0.2023
9384,0,0.2455
9405,14,0.1521
9409,12,0.3065
9413,12,0.2951
9417,1,0.2406
9419,1,0.1606
9422,14,0.1789
9423,0,0.1693
9438,14,0.1971
9461,6,0.1995
9472,1,0.2050
9480,6,0.2269
9491,6,0.1972
9498,6,0.1346
9508,6,0.0596
9522,5,0.3511
9547,0,0.1890
9552,6,0.1941
9554,6,0.2531
9556,6,0.1951
9558,6,0.1166
9564,3,0.2166
9568,0,0.2312
9571,12,0.2779
9580,6,0.1019
9584,1,0.2052
9586,12,0.1828
9592,0,0.2053
9593,0,0.1648
9597,14,0.2767
9618,6,0.1268
9626,6,0.0812
9647,6,0.0556
9650,6,0.0891
9651,6,0.0230
9654,0,0.1338
9660,0,0.1116
9664,0,0.2074
9673,13,0.2020
9681,5,0.2318
9708,11,0.2988
9713,3,0.1783
9715,1,0.3042
9717,3,0.2772
9720,14,0.2833
9723,14,0.2913
9727,0,0.2060
9743,8,0.2364
9766,5,0.3581
9789,6,0.1410
9791,6,0.2345
9793,14,0.2769
9803,5,0.2675
9805,12,0.2303
9807,12,0.1862
9809,14,0.2563
9812,2,0.2739
9814,2,0.2863
9820,14,0.2191
9823,2,0.2107
9825,0,0.2556
9832,1,0.0892
9843,13,0.2293
9848,9,0.1750
9856,13,0.0501
9881,12,0.2738
9902,12,0.2103
9907,8,0.0974
9912,6,0.1076
9914,14,0.1666
9918,11,0.2909
9921,14,0.2066
9923,1,0.2153
9926,14,0.1168
9930,14,0.2507
9932,1,0.2184
9962,3,0.2380
9976,13,0.1253
9984,13,0.1507
10001,0,0.0811
10010,6,0.1275
10016,6,0.2585
10018,3,0.0858
10021,12,0.2710
10023,11,0.2601
10025,10,0.3324
10050,8,0.2040
10054,3,0.2282
10057,3,0.1929
10059,3,0.2670
10061,3,0.2687
10063,10,0.3765
10065,10,0.3227
10068,10,0.2628
10075,9,0.0928
10107,5,0.1889
10119,6,0.2871
10124,6,0.2496
10126,6,0.1539
10131,12,0.2552
10151,11,0.2195
10153,0,0.1966
10155,1,0.2801
10159,14,0.1305
10163,8,0.2219
10166,14,0.2492
10306,5,0.1862
10326,14,0.1297
10331,4,0.1639
10336,14,0.1426
10402,11,0.2502
10409,14,0.2208
10411,1,0.2394
10415,3,0.2958
10420,3,0.2830
10424,10,0.3083
10429,3,0.2306
10437,1,0.2476
10444,3,0.2764
10447,1,0.2486
10461,5,0.3165
10472,13,0.2130
10475,6,0.2079
10482,6,0.2895
10488,6,0.1731
10490,1,0.1914
10495,11,0.1635
10499,12,0.2501
10511,12,0.2826
10515,0,0.1746
10519,14,0.2481
10528,14,0.2965
10532,14,0.3177
10547,13,0.1847
10552,14,0.2017
10559,14,0.1791
10564,14,0.1847
10589,9,0.1820
10596,6,0.1704
10605,6,0.1997
10615,6,0.1114
10627,12,0.2945
10650,12,0.1756
10657,14,0.2677
10665,3,0.2956
10671,14,0.2336
10677,1,0.2695
10683,8,0.2941
10688,14,0.2053
10695,0,0.1703
10742,14,0.1000
10797,6,0.2666
10818,6,0.2357
10830,6,0.1865
10835,14,0.1896
10839,14,0.2792
10844,2,0.2272
10864,6,0.0801
10872,1,0.2617
10883,3,0.2186
10890,1,0.2608
10892,1,0.2791
10903,1,0.2883
10904,1,0.2280
10915,14,0.2597
10943,13,0.1888
10951,9,0.1121
10955,13,0.1724
10958,13,0.1563
10962,13,0.0872
10966,13,0.1639
10970,13,0.1320
10973,13,0.1752
10989,5,0.3582
11025,6,0.1484
11047,6,0.1026
11056,6,0.1631
11060,1,0.2243
11067,9,0.1888
11072,14,0.0946
11074,8,0.1944
11076,6,0.2649
11079,14,0.2702
11097,14,0.1603
11102,14,0.2900
11104,14,0.2036
11109,14,0.3286
11111,14,0.2131
11113,5,0.2796
11114,14,0.2226
11117,14,0.2547
11119,14,0.2888
11120,14,0.1927
11121,11,0.1274
11166,13,0.0782
11170,5,0.3312
11186,13,0.1169
11190,1,0.1097
11198,13,0.1548
11200,13,0.1784
11214,13,0.1680
11438,0,0.1458
11446,6,0.1931
11448,6,0.1227
11450,1,0.2660
11454,6,0.1227
11461,14,0.2405
11467,5,0.1589
11470,1,0.2035
11475,11,0.2974
11477,14,0.2777
11517,5,0.3495
11524,1,0.2356
11526,14,0.2466
11530,14,0.2014
11533,0,0.1133
11535,1,0.2100
11538,2,0.1814
11540,0,0.2353
11565,10,0.2224
11596,6,0.2188
11600,8,0.2882
11604,12,0.2271
11609,8,0.0000
11617,0,0.1795
11619,9,0.1561
11623,9,0.1379
11628,9,0.1487
11631,9,0.2266
11636,9,0.1750
11639,6,0.1587
11640,9,0.2592
11663,13,0.2087
11676,4,0.1894
11680,1,0.2034
11695,4,0.1753
11706,11,0.1817
11710,5,0.2226
11747,6,0.1692
11754,6,0.1363
11758,6,0.1695
11762,6,0.1794
11781,5,0.4279
11787,0,0.2136
11789,14,0.1010
11792,0,0.2043
11820,14,0.2432
11824,14,0.2065
11826,14,0.2223
11830,14,0.2389
11834,14,0.2273
11838,14,0.2030
11993,8,0.2107
12004,8,0.2494
12040,8,0.3136
12044,8,0.1986
12048,8,0.2890
12050,8,0.2789
12052,8,0.2403
12073,3,0.0432
12107,11,0.2358
12111,6,0.1200
12113,3,0.1729
12117,8,0.3285
12121,14,0.1203
12149,2,0.2586
12152,14,0.1268
12156,2,0.2940
12160,14,0.1734
12163,1,0.3300
12166,1,0.3200
12178,6,0.1391
12181,14,0.2060
12183,6,0.1876
12185,5,0.3961
12187,0,0.1844
12189,1,0.2111
12192,0,0.1911
12194,14,0.2001
12196,1,0.2126
12198,0,0.1454
12200,12,0.2832
12202,12,0.2023
12204,12,0.2003
12208,0,0.2317
12224,12,0.2678
12237,0,0.1569
12248,5,0.2213
12252,5,0.3138
12279,11,0.1746
12281,6,0.1666
12284,14,0.1922
12305,1,0.1580
12307,1,0.1591
12309,1,0.1873
12312,12,0.2353
12314,12,0.2323
12319,12,0.1902
12322,12,0.2502
12325,0,0.1981
12379,12,0.1928
12385,11,0.1673
12388,3,0.2484
12393,12,0.2755
12395,1,0.3182
12400,12,0.2158
12409,12,0.2564
12413,1,0.1945
12416,1,0.1735
12418,1,0.2325
12425,2,0.1729
12463,8,0.1461
12483,8,0.1399
12491,6,0.0814
12497,8,0.1849
12500,8,0.1189
12513,1,0.1834
12518,13,0.1708
12522,13,0.1658
12528,6,0.1050
12561,6,0.1759
12564,5,0.3919
12570,1,0.2882
12572,6,0.1527
12574,12,0.2695
12576,14,0.2347
12589,3,0.1425
12591,14,0.1748
12595,14,0.2639
12598,14,0.3773
12600,9,0.2919
12630,13,0.1860
12637,1,0.1925
12643,13,0.1847
12649,8,0.2379
12660,8,0.2574
12668,8,0.2632
12672,8,0.2510
12677,8,0.2983
12680,8,0.1643
12684,8,0.2501
12687,8,0.2385
12692,13,0.1410
12700,13,0.1731
12721,7,0.2727
12725,8,0.3516
12731,6,0.0981
12747,13,0.2335
12761,14,0.2385
12768,5,0.3246
12799,14,0.2760
12801,6,0.1570
12804,6,0.1250
12808,6,0.1455
12817,0,0.1965
12820,3,0.2096
12824,0,0.1541
12830,14,0.1232
12832,1,0.1084
12836,6,0.1382
12843,1,0.1538
12845,14,0.2332
12862,6,0.1330
12896,6,0.1495
12898,6,0.2038
12901,6,0.2330
12905,12,0.2734
12908,8,0.1746
12913,3,0.2203
12919,5,0.2064
12926,14,0.1546
12928,14,0.0997
12933,13,0.1432
12939,12,0.1300
12943,13,0.1010
12948,14,0.2931
12952,14,0.2736
12954,14,0.2816
12956,0,0.2263
12989,2,0.1991
13026,2,0.2811
13030,12,0.2139
13034,14,0.1008
13037,12,0.2348
13040,2,0.1486
13042,2,0.2483
13044,5,0.2856
13047,3,0.1476
13049,0,0.1704
13051,11,0.2195
13075,2,0.2403
13080,0,0.1786
13097,13,0.1978
13101,13,0.1435
13104,0,0.0649
13112,1,0.1468
13118,13,0.1675
13130,4,0.1321
13138,7,0.1171
13171,5,0.3163
13182,3,0.1429
13190,7,0.2199
13323,1,0.3579
13342,14,0.2199
13352,2,0.2654
13365,6,0.1078
13378,3,0.2409
13384,12,0.2227
13396,12,0.2277
13408,0,0.1682
13414,7,0.2737
13419,0,0.1922
13442,5,0.3309
13449,6,0.1466
13457,6,0.2201
13462,6,0.2402
13469,6,0.2195
13503,5,0.4105
13522,1,0.2217
13549,6,0.1655
13570,0,0.1272
13583,9,0.0202
13595,6,0.1526
13609,6,0.0639
13614,9,0.0000
13620,9,0.0011
13660,7,0.1561
13728,9,0.2494
13807,9,0.2533
13847,9,0.2638
13849,9,0.1889
13852,9,0.2336
13854,9,0.2485
13856,9,0.2623
13938,9,0.2430
14168,9,0.2640
14298,6,0.1850
14325,9,0.2565
14383,7,0.0497
14489,3,0.1036
14519,9,0.1963
14575,9,0.2342
14622,9,0.2497
14652,7,0.2219
14666,0,0.0757
14690,4,0.2572
14698,8,0.1826
14739,9,0.2402
14811,3,0.1588
14822,0,0.1886
14839,7,0.1981
14901,0,0.1125
14916,3,0.2020
14928,0,0.1783
14932,0,0.2156
14976,2,0.1961
14988,12,0.2976
15000,12,0.2739
15013,1,0.2463
15024,14,0.1232
15034,12,0.2392
15041,5,0.2625
15049,9,0.2125
15062,7,0.0726
15066,0,0.1727
15071,6,0.2198
15089,6,0.1076
15103,6,0.1845
15124,6,0.2623
15135,5,0.3174
15145,8,0.0559
15157,0,0.1402
15166,8,0.2853
15215,8,0.1611
15226,9,0.1654
15234,7,0.1685
15355,9,0.0940
15395,7,0.1398
15404,3,0.1407
15432,1,0.0790
15443,1,0.1171
15462,1,0.1280
15470,1,0.1150
15479,9,0.2556
15549,1,0.0752
15560,4,0.2015
15982,9,0.2348
16027,1,0.1512
16056,7,0.2074
16066,3,0.2558
16087,9,0.2687
16139,8,0.2435
16184,9,0.2105
16205,0,0.1443
16244,0,0.0598
16267,12,0.1890
16281,2,0.3508
16300,0,0.1682
16307,14,0.1446
16317,0,0.1471
16327,0,0.1700
16340,0,0.0694
16354,12,0.3139
16382,7,0.2102
16386,0,0.2165
16390,6,0.1470
16403,6,0.1691
16415,1,0.1982
16427,6,0.2414
16443,3,0.2638
16452,2,0.1990
16476,9,0.2198
16487,9,0.2257
16505,7,0.1899
16538,0,0.1681
16558,4,0.1986
16572,8,0.1630
16598,9,0.0987
16638,7,0.1850
16645,0,0.1411
16683,0,0.1554
16698,0,0.2459
16709,2,0.1072
16765,7,0.2590
16792,0,0.0760
16854,0,0.1172
16884,0,0.1790
16931,0,0.0929
16993,6,0.1805
17083,6,0.1872
17092,5,0.2296
17100,1,0.2075
17107,11,0.2086
17114,14,0.2672
17122,0,0.1912
17132,9,0.2404
17148,1,0.2756
17155,14,0.2655
17163,0,0.1729
17169,14,0.2367
17230,0,0.1763
17248,0,0.2234
17260,0,0.0370
17275,7,0.2806
17282,9,0.2813
17298,0,0.1653
17309,1,0.1728
17323,3,0.2167
17443,10,0.3624
17458,0,0.0933
17511,0,0.0421
17534,3,0.1425
17564,6,0.1374
17570,6,0.1973
17577,6,0.1428
17583,12,0.2019
17589,6,0.2636
17599,3,0.1691
17610,6,0.1464
17617,0,0.1523
17624,0,0.1600
17632,1,0.1411
17641,0,0.1924
17677,1,0.2070
17691,1,0.1949
17697,14,0.1068
17706,0,0.1911
17712,11,0.2619
17717,0,0.2120
17771,9,0.2811
17781,0,0.1311
17792,2,0.0724
17804,7,0.1248
17811,0,0.1377
17818,0,0.1201
17838,0,0.0502
17864,0,0.0865
17906,5,0.3142
17942,5,0.2049
17946,5,0.3507
17953,5,0.3298
17957,5,0.3961
17961,4,0.1301
17973,6,0.2328
17984,6,0.2828
17988,6,0.2481
18002,8,0.2639
18021,3,0.2814
18027,0,0.1419
18033,1,0.2835
18046,14,0.1904
18053,0,0.1513
18059,14,0.2576
18167,7,0.2432
18176,9,0.1973
18182,9,0.1993
18191,13,0.2501
18201,9,0.2992
18212,0,0.1119
18249,13,0.2162
18571,4,0.2569
18583,5,0.2399
18594,3,0.1541
18605,5,0.2120
18612,7,0.0697
18624,0,0.2508
18632,14,0.2149
18638,9,0.2349
18648,9,0.2597
18659,9,0.1965
18666,1,0.1166
18671,9,0.1843
18676,1,0.1022
18685,6,0.1941
18692,3,0.1990
18699,6,0.2322
18707,6,0.2346
18794,7,0.2778
18807,0,0.1280
18817,14,0.2600
18948,0,0.0922
18996,0,0.1412
19053,6,0.1922
19067,2,0.2390
19079,2,0.2439
19093,6,0.2356
19097,6,0.1917
19114,0,0.1581
19120,1,0.2143
19123,0,0.1627
19140,12,0.2494
19155,14,0.1747
19164,12,0.2634
19177,14,0.1802
19185,14,0.2637
19197,14,0.2652
19206,0,0.2044
19360,7,0.2679
19365,12,0.1795
19372,1,0.2768
19380,12,0.1561
19414,12,0.2397
19452,0,0.1324
19606,10,0.3204
19647,3,0.2309
19654,0,0.1536
19660,1,0.1325
19671,1,0.1640
19678,1,0.1164
19685,1,0.2769
19694,14,0.1717
19703,10,0.2628
19709,12,0.2476
19717,3,0.1993
19724,5,0.2919
19730,5,0.3908
19737,5,0.2914
19746,5,0.2425
19755,5,0.3250
19767,5,0.3487
19775,11,0.1067
19781,0,0.1470
19848,1,0.1644
19871,7,0.2472
19879,9,0.0297
19887,1,0.0958
19896,9,0.1611
19927,9,0.1675
19990,9,0.2145
20045,2,0.2508
20102,2,0.3225
20109,2,0.2755
20116,3,0.1125
20138,7,0.2055
20165,2,0.2365
20170,8,0.2489
20178,8,0.2884
20188,8,0.1298
20194,8,0.1200
20201,8,0.0971
20238,5,0.1817
20244,13,0.1793
20251,13,0.2092
20311,8,0.0666
20335,2,0.2926
20344,2,0.2781
20405,5,0.2618
20473,5,0.3158
20554,5,0.1952
20581,0,0.1289
20593,7,0.1509
20609,0,0.2243
20624,5,0.2433
20641,9,0.2800
20643,1,0.2382
20683,0,0.1803
20734,5,0.4022
20757,2,0.2241
20766,2,0.2741
20772,2,0.2511
20783,5,0.2600
20790,2,0.2163
20904,9,0.2005
20917,9,0.1332
20931,9,0.1071
20945,9,0.1862
20947,9,0.0167
20954,6,0.0176
20991,10,0.3489
21009,14,0.2984
21022,7,0.2093
21044,7,0.2813
21068,0,0.1649
21098,1,0.2563
21104,0,0.0921
21112,2,0.2538
21119,10,0.3432
21126,1,0.2619
21133,5,0.2137
21141,2,0.2917
21148,10,0.2574
21175,2,0.2491
21184,5,0.3862
21195,0,0.1706
21216,1,0.1712
21223,0,0.1907
21232,0,0.2187
21239,0,0.2238
21313,0,0.2065
21336,2,0.2680
21341,6,0.2213
21347,5,0.3365
21352,6,0.2365
21356,6,0.1544
21360,6,0.2078
21364,1,0.2229
21368,13,0.2611
21374,7,0.1008
21378,9,0.2660
21382,6,0.1439
21386,2,0.2698
21503,7,0.2622
21518,0,0.1468
21563,5,0.2354
21625,2,0.3025
21641,7,0.2489
21664,0,0.1493
21713,0,0.1166
21729,1,0.2125
21739,5,0.2664
21747,6,0.2246
21754,6,0.2138
21763,6,0.1671
21775,6,0.2294
21784,14,0.1665
21790,0,0.1960
21802,12,0.2460
21811,12,0.1978
21818,0,0.1489
21836,0,0.2066
21845,0,0.0695
21852,0,0.1950
21858,0,0.2152
21871,2,0.1984
21877,0,0.1692
22155,9,0.1819
22160,1,0.1043
22167,9,0.1637
22172,9,0.2135
22179,9,0.0924
22184,9,0.1513
22189,9,0.3029
22195,9,0.1399
22207,9,0.2040
22246,7,0.2143
22258,1,0.1876
22267,6,0.1834
22285,0,0.1966
22328,12,0.2419
22355,6,0.1882
22361,6,0.1629
22367,0,0.1613
22373,6,0.1316
22376,1,0.3105
22384,2,0.2248
22394,1,0.2396
22409,2,0.2870
22423,12,0.2293
22440,12,0.2044
22446,12,0.1484
22453,0,0.1953
22459,11,0.1420
22466,10,0.3658
22554,0,0.1673
22564,0,0.1755
22569,2,0.1836
22576,9,0.2121
22585,12,0.2021
22593,12,0.1436
22598,0,0.2463
22604,10,0.1579
22615,1,0.2361
22625,1,0.2017
22651,0,0.1826
22657,6,0.2378
22764,7,0.2226
22768,1,0.1489
22779,1,0.2730
22836,6,0.1570
22856,14,0.2076
22900,0,0.0930
23099,1,0.2353
23110,2,0.2223
23135,12,0.1895
23171,2,0.1902
23179,13,0.2111
23189,6,0.1888
23210,7,0.1865
23229,0,0.1723
23284,7,0.0768
23409,0,0.1755
23423,2,0.2029
23434,3,0.1873
23444,7,0.1671
23471,1,0.1540
23491,2,0.1968
23503,3,0.1350
23587,7,0.0331
23603,14,0.2708
23611,1,0.1948
23623,0,0.1327
23714,1,0.2591
23723,12,0.2743
23731,6,0.1228
23753,6,0.2266
23771,6,0.2182
23790,14,0.2025
23803,8,0.2712
23811,1,0.2025
23828,14,0.1833
23838,14,0.2280
23844,2,0.2774
23854,2,0.1974
23866,6,0.1011
23974,14,0.1841
23986,11,0.2014
23998,0,0.1652
24041,6,0.1105
24060,3,0.1250
24075,5,0.2683
24144,7,0.2022
24153,0,0.0442
24171,0,0.1673
24185,14,0.1992
24192,14,0.1345
24213,14,0.2171
24235,9,0.0993
24246,6,0.1969
24258,3,0.1364
24269,0,0.1989
24275,7,0.1630
24290,6,0.1235
24302,5,0.1386
24315,14,0.2774
24375,7,0.0299
24394,0,0.1598
24458,0,0.2211
24467,2,0.0000
24479,6,0.1939
24534,5,0.2488
24563,0,0.1726
24571,9,0.1614
24580,5,0.2258
24589,7,0.2246
24592,0,0.0367
24605,0,0.0500
24631,3,0.1377
24648,14,0.1387
24658,1,0.2965
24696,6,0.1857
24706,1,0.1419
24722,6,0.0960
24741,3,0.1848
24752,12,0.2675
24766,6,0.0878
24784,1,0.2475
24792,0,0.0968
24806,6,0.0583
24823,9,0.2360
24834,9,0.2336
24859,0,0.0709
24907,0,0.0811
24919,0,0.0390
24933,3,0.2169
24945,12,0.2028
24951,3,0.3164
24962,6,0.1277
24971,6,0.1705
24979,12,0.1111
24980,12,0.0000
25003,12,0.1080
25009,12,0.2504
25016,11,0.1882
25022,0,0.2329
25040,0,0.1744
25044,6,0.2361
25057,0,0.1875
25267,0,0.2238
25282,2,0.2572
25289,13,0.1909
25300,2,0.3049
25306,14,0.1778
25318,2,0.2850
25325,1,0.1311
25335,2,0.1797
25344,0,0.1932
25363,7,0.2099
25378,6,0.1744
25399,6,0.3006
25404,6,0.2020
25411,13,0.1627
25417,5,0.2971
25424,0,0.1740
25429,0,0.1805
25436,12,0.2480
25443,5,0.3239
25448,6,0.1727
25460,0,0.2005
25469,1,0.2227
25474,14,0.2357
25573,0,0.1438
25587,12,0.2817
25606,0,0.0972
25616,14,0.2416
25621,0,0.1847
25627,6,0.1192
25634,14,0.2208
25636,12,0.2969
25651,14,0.2682
25652,5,0.2139
25655,0,0.1772
25686,14,0.2740
25743,3,0.0603
25752,6,0.1180
25764,13,0.2065
25775,11,0.1299
25790,7,0.1734
25797,0,0.1304
25842,8,0.1846
25892,0,0.1787
25913,14,0.2305
25931,0,0.0473
25942,11,0.1181
25953,12,0.2085
25963,9,0.2185
25976,1,0.1145
25987,5,0.3106
26004,0,0.2008
26012,7,0.1217
26019,6,0.1385
26045,6,0.1487
26049,6,0.1209
26055,12,0.2142
26082,10,0.3208
26093,2,0.2727
26100,2,0.2217
26106,2,0.2318
26109,12,0.2372
26217,7,0.2122
26248,6,0.1178
26263,5,0.3774
26264,5,0.3674
26280,5,0.3833
26288,5,0.3621
26294,5,0.2918
26302,5,0.3018
26308,5,0.3294
26310,5,0.2674
26331,5,0.2942
26332,5,0.2304
26343,5,0.3313
26344,5,0.3482
26355,5,0.3138
26359,5,0.3491
26371,5,0.2423
26376,5,0.3277
26386,5,0.3341
26387,5,0.3970
26399,5,0.2600
26400,5,0.3899
26412,5,0.3791
26413,5,0.2483
26428,5,0.3482
26429,5,0.4003
26441,12,0.2486
26442,5,0.2446
26481,5,0.2815
26493,5,0.3597
26522,1,0.0676
26533,0,0.1074
26563,0,0.1426
26577,0,0.1172
26588,14,0.1350
26600,0,0.1335
26612,14,0.1794
26625,9,0.1635
26637,7,0.0985
26663,12,0.1683
26672,0,0.1642
26680,13,0.1027
26719,13,0.0962
26735,1,0.2609
26743,1,0.3002
26762,8,0.1665
26771,1,0.2977
26779,1,0.2405
26782,1,0.2894
26792,1,0.3119
26799,14,0.1751
26804,1,0.2626
26810,1,0.2808
26816,1,0.2503
26824,1,0.2109
26829,11,0.1352
26873,3,0.1970
26899,11,0.2463
26905,1,0.1434
26913,14,0.1396
26924,5,0.2650
26934,12,0.2209
26943,3,0.1859
26949,12,0.2858
26955,13,0.2044
26962,1,0.2288
26967,5,0.1975
26973,0,0.1382
26977,14,0.2120
27052,9,0.1528
27066,9,0.2060
27073,7,0.2300
27079,6,0.1777
27085,9,0.1684
27226,0,0.1464
27237,1,0.2520
27276,0,0.1499
27285,9,0.1217
27304,0,0.0414
27313,7,0.2584
27329,0,0.1182
27335,1,0.1402
27340,6,0.1409
27423,14,0.2227
27435,0,0.0576
27439,6,0.1465
27501,12,0.1212
27532,6,0.1988
27578,9,0.1602
27591,7,0.1114
27611,0,0.0999
27637,7,0.2705
27648,3,0.1547
27655,12,0.2735
27661,9,0.2709
27669,9,0.2208
27675,9,0.2122
27721,1,0.1439
27732,12,0.3219
27741,7,0.2311
27750,0,0.1707
27757,3,0.1329
27766,2,0.2587
27798,13,0.0683
27843,0,0.2839
27869,5,0.3430
27879,1,0.1807
27887,0,0.1540
27903,12,0.2026
27909,7,0.1985
27919,2,0.2195
28006,6,0.1552
28019,6,0.1999
28025,1,0.1163
28030,6,0.1377
28049,1,0.2182
28060,1,0.1661
28065,5,0.1162
28072,10,0.1868
28080,3,0.2519
28101,7,0.0639
28109,0,0.1958
28114,11,0.1428
28212,7,0.1824
28220,0,0.1510
28234,1,0.2267
28247,2,0.2290
28297,4,0.2300
28345,5,0.1969
28347,5,0.2429
28357,7,0.1836
28366,14,0.2104
28416,0,0.2593
28433,4,0.1720
28457,5,0.2680
28486,12,0.1121
28513,12,0.2055
28522,7,0.2121
28540,14,0.2028
28554,1,0.2409
28564,6,0.2116
28577,6,0.2337
28578,6,0.2586
28579,0,0.0869
28604,1,0.1516
28617,0,0.0958
28621,1,0.3240
28634,1,0.2313
28661,12,0.3231
28674,9,0.0907
28682,7,0.1693
28686,0,0.1719
28694,11,0.1779
28708,5,0.3040
28739,7,0.1635
28761,6,0.1013
28790,14,0.1411
28800,6,0.1985
28823,3,0.0543
28831,6,0.1839
28843,9,0.0466
28851,1,0.1618
28854,3,0.0840
28951,0,0.0963
28980,3,0.2411
28981,6,0.1248
28990,6,0.1869
28991,1,0.1644
29002,6,0.2638
29007,2,0.2095
29019,1,0.2654
29020,12,0.2706
29030,11,0.1999
29033,5,0.3379
29045,14,0.1678
29100,6,0.1251
29117,14,0.1940
29127,14,0.2462
29133,14,0.1241
29139,14,0.2145
29149,14,0.2071
29160,3,0.3542
29167,7,0.2958
29172,0,0.1779
29186,9,0.2802
29195,9,0.2182
29310,1,0.2376
29344,11,0.1868
29364,5,0.2860
29384,11,0.1353
29403,5,0.1303
29418,5,0.1624
29429,11,0.2845
29491,5,0.2950
29848,11,0.2127
29864,5,0.3225
29876,11,0.2692
30002,0,0.1518
30009,1,0.1334
30014,9,0.0403
30022,2,0.2825
30028,0,0.1403
30038,3,0.3396
30049,14,0.3013
30054,3,0.2911
30061,14,0.2525
30074,0,0.2067
30128,0,0.0382
30152,6,0.1389
30162,6,0.1252
30169,11,0.1849
30175,5,0.3181
30183,14,0.2503
30184,3,0.2314
30191,12,0.1777
30198,12,0.2828
30207,3,0.2728
30220,3,0.2289
30221,13,0.1375
30232,13,0.1174
30249,6,0.1306
30257,8,0.0933
30260,0,0.1450
30319,0,0.1003
30343,14,0.2426
30347,14,0.2892
30359,3,0.1068
30367,6,0.2345
30368,6,0.1745
30377,12,0.2564
30385,6,0.2301
30387,0,0.1296
30409,0,0.1534
30421,0,0.1685
30422,9,0.2902
30437,14,0.1587
30439,14,0.1996
30450,11,0.1805
30455,0,0.1828
30472,9,0.2442
30481,0,0.1924
30503,0,0.1776
30510,10,0.2590
30515,6,0.2289
30521,6,0.1249
30524,6,0.1820
30532,6,0.1146
30539,14,0.1518
30548,14,0.2278
30549,14,0.1949
30568,14,0.2721
30578,5,0.3030
30579,0,0.2227
30592,14,0.3089
30593,5,0.3242
30610,12,0.2384
30623,0,0.1895
30697,6,0.2014
30699,6,0.2787
30714,9,0.1831
30715,14,0.2106
30724,1,0.3080
30736,6,0.2071
30738,1,0.2411
30750,1,0.2726
30756,1,0.2492
30764,0,0.0673
30788,1,0.2297
30805,11,0.1287
30824,5,0.1696
30832,0,0.1443
30876,2,0.2420
30883,6,0.2605
30888,14,0.1930
30898,14,0.2182
30906,0,0.1977
30927,0,0.1545
30929,12,0.2476
30943,9,0.2625
30950,3,0.2404
30951,2,0.1675
30952,0,0.1807
30972,3,0.2215
30975,3,0.2155
30984,3,0.1801
30985,3,0.2207
30994,3,0.1868
30997,3,0.1872
31008,3,0.1769
31014,10,0.1545
31031,13,0.0000
31034,13,0.1429
31066,13,0.1212
31086,2,0.2291
31087,4,0.0963
31100,2,0.2224
31104,0,0.1347
31111,1,0.3007
31128,1,0.2449
31129,1,0.2733
31143,1,0.2898
31146,1,0.2730
31148,14,0.2497
31189,2,0.1492
31221,6,0.1050
31230,6,0.1229
31236,14,0.1969
31248,3,0.2605
31256,6,0.1960
31261,5,0.2899
31264,11,0.3108
31276,1,0.2545
31278,14,0.1914
31286,14,0.3531
31287,14,0.2553
31301,14,0.2990
31302,14,0.2596
31305,14,0.2479
31317,14,0.3071
31321,14,0.3147
31322,14,0.3010
31399,14,0.1581
31410,13,0.1638
31414,3,0.2699
31423,6,0.2009
31431,6,0.1892
31432,6,0.1793
31439,6,0.1691
31442,11,0.1664
31458,5,0.3467
31459,6,0.2168
31460,1,0.0650
31479,14,0.1546
31480,8,0.2748
31481,14,0.2643
31484,0,0.2034
31487,14,0.1669
31505,8,0.2580
31506,2,0.2199
31510,0,0.1870
31514,14,0.2913
31534,14,0.1126
31542,14,0.2765
31544,14,0.1380
31574,14,0.2799
31584,14,0.2946
31607,14,0.2753
31739,9,0.2891
31749,12,0.2166
31770,6,0.1648
31775,1,0.0718
31785,6,0.1916
31796,0,0.2079
31800,14,0.2725
31806,14,0.1645
31807,12,0.2375
31816,11,0.3098
31827,6,0.2275
31834,6,0.1627
31835,6,0.2351
31849,6,0.2142
31860,14,0.2509
31869,14,0.2009
31871,14,0.2161
31894,14,0.1939
31896,14,0.2729
31913,14,0.2120
31916,14,0.1008
31924,14,0.2350
31931,14,0.2294
31934,14,0.2330
31946,9,0.2405
31954,7,0.2964
32031,6,0.1346
32033,0,0.1503
32051,6,0.1404
32054,6,0.2138
32061,1,0.1331
32068,6,0.2502
32075,5,0.3445
32081,5,0.2855
32092,14,0.2633
32094,14,0.1698
32107,12,0.2119
32109,14,0.2198
32127,11,0.1221
32137,14,0.2329
32144,0,0.1868
32146,2,0.2445
32174,6,0.1653
32186,3,0.1148
32188,6,0.2312
32197,6,0.0958
32200,14,0.1714
32211,13,0.1084
32215,1,0.2334
32227,1,0.2129
32232,1,0.2181
32241,8,0.1285
32242,1,0.1227
32254,1,0.1740
32258,1,0.2138
32273,11,0.2943
32284,0,0.2060
32292,2,0.1925
32319,6,0.2003
32362,6,0.2110
32367,6,0.2409
32369,6,0.1213
32378,6,0.2097
32379,6,0.2081
32387,11,0.2003
32391,2,0.2590
32404,12,0.3458
32406,0,0.1819
32415,1,0.1310
32418,1,0.1753
32427,1,0.2279
32441,1,0.1172
32448,14,0.2301
32450,1,0.1921
32464,0,0.1918
32487,0,0.1770
32495,6,0.1946
32496,6,0.3017
32533,6,0.2836
32536,6,0.2131
32537,6,0.2040
32554,6,0.1436
32555,12,0.1217
32557,6,0.2100
32561,14,0.2500
32574,14,0.0746
32578,14,0.1778
32580,12,0.1893
32586,1,0.2277
32601,11,0.2624
32607,14,0.1549
32618,1,0.0900
32654,6,0.2105
32665,6,0.1734
32677,6,0.1848
32679,6,0.1819
32703,14,0.0583
32709,6,0.2318
32719,12,0.2809
32720,5,0.2844
32729,13,0.1930
32735,1,0.1714
32743,2,0.2701
32752,2,0.2377
32756,11,0.1126
32763,14,0.3594
32785,5,0.2836
32789,4,0.2860
32856,14,0.1412
32858,0,0.1947
32860,3,0.0773
32869,5,0.1178
32883,3,0.2004
32884,8,0.2449
32890,14,0.2535
32896,11,0.3089
32902,5,0.3217
32908,14,0.2213
32920,4,0.2671
33008,10,0.0453
33049,13,0.0881
33063,0,0.1596
33081,7,0.2921
33121,1,0.2392
33155,10,0.1804
33156,0,0.1772
33170,5,0.3822
33178,0,0.1955
33179,10,0.0000
33184,12,0.2436
33190,12,0.2584
33197,12,0.3401
33209,14,0.3362
33228,1,0.3386
33295,0,0.1738
33328,0,0.1429
33472,1,0.1759
33488,2,0.2125
33499,11,0.2996
33504,6,0.2607
33510,6,0.2121
33513,6,0.2071
33522,6,0.2180
33524,6,0.2294
33533,5,0.3859
33537,1,0.2437
33543,0,0.1414
33551,14,0.2457
33552,3,0.1662
33553,12,0.2601
33577,0,0.1690
33601,12,0.1927
33635,0,0.0999
33645,0,0.0742
33691,0,0.2565
33706,6,0.1480
33714,6,0.1921
33716,6,0.2627
33725,6,0.2477
33732,6,0.1208
33733,6,0.2071
33742,1,0.3028
33746,0,0.0933
33755,12,0.3042
33769,0,0.0984
33777,12,0.2132
33778,8,0.2971
33783,14,0.1614
33798,11,0.2007
33802,6,0.1896
33867,0,0.1984
33873,6,0.2379
33877,6,0.1852
33882,6,0.2730
33888,6,0.2240
33901,1,0.1452
33902,14,0.1156
33910,5,0.4140
33914,3,0.1052
33917,11,0.0553
33928,12,0.3178
33932,1,0.1474
33934,0,0.2520
33945,8,0.3093
33947,14,0.1865
33958,14,0.2351
33959,0,0.1543
33963,0,0.1912
33989,3,0.2532
34004,6,0.2047
34018,6,0.1738
34022,12,0.2648
34023,6,0.2050
34033,9,0.2167
34037,13,0.1064
34040,2,0.3156
34046,14,0.2893
34064,14,0.2920
34140,2,0.2426
34141,13,0.1498
34149,6,0.2009
34154,5,0.2427
34155,6,0.2264
34159,3,0.1815
34173,5,0.3317
34182,1,0.1875
34184,1,0.2448
34185,1,0.2307
34197,1,0.2798
34198,1,0.2304
34217,1,0.2564
34224,12,0.2254
34234,12,0.1784
34239,12,0.2030
34249,12,0.2570
34251,11,0.1803
34257,0,0.2441
34295,6,0.1835
34310,9,0.1689
34328,6,0.1703
34335,7,0.2769
34343,0,0.1706
34349,1,0.0944
34387,14,0.1980
34404,6,0.2530
34406,6,0.2392
34415,6,0.2158
34417,2,0.2377
34426,1,0.1744
34428,12,0.1742
34436,1,0.1327
34439,0,0.1493
34452,14,0.2190
34459,0,0.1379
34460,1,0.2285
34466,12,0.1941
34474,14,0.2288
34486,12,0.1359
34487,12,0.2138
34497,0,0.2448
34525,6,0.1708
34526,6,0.1560
34538,6,0.1432
34540,6,0.1784
34551,6,0.2047
34555,2,0.1524
34558,1,0.2174
34565,2,0.2701
34568,14,0.2559
34576,1,0.2401
34578,1,0.1776
34585,14,0.1862
34589,11,0.2254
34594,14,0.1718
34599,0,0.1913
34619,6,0.2280
34626,6,0.1800
34630,6,0.1545
34642,6,0.1260
34647,6,0.2327
34650,0,0.1846
34656,1,0.1344
34661,13,0.1901
34675,0,0.0174
34680,5,0.3358
34685,8,0.2773
34689,14,0.2858
34696,3,0.0976
34701,14,0.2760
34709,11,0.2450
34715,14,0.3449
34764,9,0.1051
34768,6,0.2265
34775,6,0.2348
34782,1,0.3188
34784,6,0.2572
34789,6,0.1931
34790,0,0.0700
34793,14,0.2216
34805,12,0.3039
34814,1,0.3020
34828,1,0.2216
34838,1,0.2751
34840,1,0.2248
34851,11,0.1340
34854,14,0.2763
34886,4,0.0740
35160,9,0.1685
35234,4,0.3071
35276,7,0.2085
35312,0,0.1705
35315,6,0.2491
35325,6,0.1698
35330,6,0.1804
35334,14,0.2252
35335,6,0.2557
35344,5,0.4134
35349,2,0.2268
35353,13,0.1949
35359,14,0.1681
35368,2,0.2782
35371,2,0.2488
35376,12,0.1946
35381,5,0.2612
35391,3,0.2744
35394,3,0.2520
35402,3,0.2270
35406,8,0.2170
35411,11,0.1384
35416,0,0.2857
35559,6,0.2181
35566,6,0.2510
35571,6,0.1860
35575,0,0.0859
35580,14,0.1093
35586,5,0.3171
35594,5,0.1802
35604,2,0.1743
35609,2,0.2337
35616,2,0.2529
35621,2,0.1773
35627,2,0.1960
35635,0,0.1416
35636,2,0.1769
35646,14,0.2449
35656,0,0.1961
35707,0,0.2361
35717,6,0.2297
35724,6,0.1356
35730,6,0.1052
35735,6,0.2049
35736,8,0.1974
35749,5,0.3594
35752,6,0.1107
35758,0,0.1162
35772,9,0.0531
35786,9,0.0721
35797,12,0.1527
35799,1,0.0451
35807,1,0.1092
35819,14,0.2215
35825,1,0.1605
35826,6,0.1672
35837,5,0.3642
35842,8,0.0361
35850,11,0.0301
35851,0,0.1940
35865,6,0.1760
35879,5,0.4090
35887,5,0.3357
35895,5,0.3325
35901,12,0.1931
35910,0,0.1325
35922,2,0.2603
35933,1,0.2908
35944,12,0.2596
35951,12,0.1906
35957,12,0.2198
35968,12,0.2226
35973,12,0.2349
35977,12,0.1881
35978,5,0.3836
35988,6,0.1607
36001,6,0.1136
36006,6,0.2346
36011,6,0.1970
36015,6,0.1695
36021,1,0.2750
36026,5,0.4401
36032,8,0.3379
36037,1,0.2949
36044,1,0.2723
36055,1,0.3104
36061,1,0.3185
36067,14,0.2541
36071,11,0.2819
36077,1,0.3389
36086,0,0.2280
36096,6,0.1623
36102,3,0.1305
36111,6,0.1355
36116,6,0.1153
36120,5,0.3260
36125,5,0.3744
36130,10,0.3537
36135,12,0.2522
36142,4,0.2146
36149,2,0.2887
36155,3,0.1994
36161,12,0.2058
36167,0,0.1707
36175,8,0.1326
36178,0,0.1885
36184,14,0.2038
36205,0,0.1521
36214,6,0.2335
36224,6,0.1870
36231,6,0.2108
36236,6,0.2804
36240,5,0.3222
36246,5,0.2226
36260,3,0.2592
36262,12,0.2033
36272,14,0.1254
36284,11,0.1733
36297,6,0.1306
36308,6,0.2055
36315,6,0.1390
36320,6,0.0985
36323,6,0.1829
36328,0,0.0745
36333,9,0.2091
36338,6,0.1068
36343,6,0.2082
36349,8,0.3005
36354,14,0.1337
36358,1,0.2187
36365,1,0.1310
36372,1,0.1605
36386,11,0.2843
36391,14,0.2709
36404,6,0.1578
36413,6,0.2211
36424,6,0.2155
36428,5,0.3576
36434,5,0.3270
36440,8,0.2548
36444,14,0.2898
36449,1,0.1339
36456,14,0.1927
36460,1,0.1418
36465,1,0.2962
36472,11,0.2791
36478,1,0.2476
36488,1,0.0832
36498,7,0.2309
37001,4,0.1929
37119,4,0.2443
37130,11,0.2542
37146,4,0.2294
37148,5,0.3512
37158,4,0.1545
37171,7,0.1823
37179,10,0.1428
37252,5,0.2478
37263,6,0.1991
37279,6,0.1300
37287,6,0.2513
37295,0,0.1666
37304,3,0.1680
37326,6,0.1605
37330,6,0.1630
37334,6,0.2073
37339,6,0.2109
37344,6,0.1868
37348,5,0.2822
37353,5,0.3137
37357,14,0.2088
37362,6,0.1300
37372,14,0.1739
37377,14,0.1807
37381,14,0.2145
37385,14,0.2189
37392,3,0.1762
37396,14,0.2632
37400,3,0.2006
37407,11,0.2257
37414,5,0.2859
37441,5,0.3047
37460,5,0.3259
37465,0,0.0856
37473,11,0.2417
37477,12,0.3238
37481,3,0.2973
37500,1,0.1671
37505,12,0.2121
37511,3,0.2141
37515,8,0.2832
37519,3,0.3074
37523,3,0.3404
37527,8,0.2815
37531,3,0.1104
37575,6,0.3186
37596,6,0.2281
37599,6,0.1877
37603,6,0.2437
37608,6,0.2868
37631,6,0.2339
37638,5,0.3086
37643,0,0.1220
37650,5,0.2331
37656,13,0.2002
37663,13,0.1476
37668,14,0.1921
37669,14,0.2737
37676,14,0.2142
37681,14,0.2170
37689,14,0.2603
37694,14,0.2171
37697,2,0.1953
37701,3,0.2704
37794,1,0.0000
37811,6,0.2894
37824,6,0.2062
37850,6,0.1350
37854,5,0.3497
37855,6,0.1896
37863,0,0.1315
37871,5,0.2599
37872,12,0.2472
37880,12,0.2292
37884,14,0.0655
37894,1,0.2916
37895,1,0.2764
37902,1,0.2962
37906,1,0.3193
37910,2,0.2065
37914,0,0.2146
37919,0,0.1762
38006,11,0.2172
38010,0,0.2172
38015,3,0.1987
38024,0,0.2052
38029,12,0.2378
38036,5,0.2601
38046,5,0.3054
38054,0,0.0382
38058,6,0.2396
38065,6,0.1468
38071,6,0.1528
38075,6,0.1916
38081,12,0.1934
38110,5,0.2368
38113,6,0.2616
38121,6,0.1630
38126,6,0.2007
38139,5,0.3266
38144,5,0.2697
38150,0,0.1324
38155,1,0.1867
38160,12,0.2832
38165,12,0.1832
38173,12,0.2574
38180,11,0.1140
38184,0,0.2371
38188,0,0.1311
38203,6,0.2413
38214,6,0.1909
38221,6,0.1588
38222,6,0.1914
38227,5,0.3208
38232,0,0.0989
38233,11,0.2500
38245,5,0.4014
38246,8,0.1322
38253,12,0.1500
38258,12,0.2227
38263,3,0.2332
38267,1,0.2044
38274,0,0.1648
38279,2,0.2930
38284,0,0.1377
38289,2,0.2677
38295,2,0.2968
38329,6,0.1558
38350,8,0.2363
38356,6,0.2201
38359,5,0.2253
38363,11,0.1984
38367,5,0.2819
38371,0,0.1374
38376,12,0.1353
38381,12,0.1964
38382,3,0.2299
38389,12,0.1625
38394,12,0.1311
38399,0,0.1691
38403,14,0.2586
38407,14,0.2995
38413,14,0.3143
38414,14,0.3557
38442,6,0.0996
38450,8,0.2135
38456,1,0.0860
38459,2,0.2717
38470,12,0.2258
38505,2,0.2793
38513,2,0.2271
38514,2,0.3101
38520,1,0.1844
38533,1,0.1266
38541,2,0.2850
38542,2,0.3258
38553,1,0.1260
38560,2,0.3500
38561,2,0.2178
38575,4,0.1810
38576,2,0.3154
38584,2,0.2765
38585,2,0.2763
38594,2,0.2789
38595,2,0.2586
38602,2,0.2909
38603,2,0.2692
38610,2,0.3140
38611,2,0.2657
38618,2,0.2773
38619,2,0.3271
38626,7,0.0440
38652,2,0.3142
38653,2,0.2722
38664,2,0.2337
38668,2,0.2780
38671,2,0.2487
38678,2,0.3316
38679,2,0.3238
38687,2,0.2879
38688,2,0.2408
38695,2,0.2702
38696,0,0.1513
38706,2,0.2829
38754,5,0.2569
38761,10,0.3413
38766,5,0.3281
38767,2,0.2912
38776,5,0.3807
38778,5,0.3727
38806,5,0.3356
38807,5,0.3493
38813,5,0.3387
38814,5,0.3519
38830,8,0.0537
38834,5,0.2163
38838,5,0.3756
38843,5,0.1998
38847,5,0.3421
38852,5,0.3422
38856,5,0.3251
38860,5,0.3971
38863,0,0.1738
38869,5,0.3652
38873,5,0.3855
38881,5,0.3610
38886,5,0.2793
38895,5,0.3108
38904,5,0.3610
38907,5,0.2935
38910,5,0.2454
38924,5,0.2252
38941,5,0.4198
38947,5,0.3997
38963,6,0.1071
38971,8,0.1759
38972,6,0.1521
38978,6,0.2443
38983,11,0.2791
38988,0,0.1969
38992,5,0.3471
38997,2,0.2397
38999,2,0.2318
39005,8,0.2424
39015,12,0.2325
39020,12,0.3007
39025,12,0.2851
39034,12,0.2824
39035,12,0.2881
39040,12,0.3291
39063,6,0.1815
39066,0,0.1120
39086,6,0.1126
39090,6,0.2379
39091,6,0.2978
39099,0,0.0963
39101,6,0.2381
39108,10,0.3112
39113,3,0.1480
39117,5,0.1940
39118,14,0.2910
39122,1,0.2858
39128,14,0.2196
39132,14,0.2473
39134,14,0.2609
39143,3,0.2040
39147,14,0.2636
39152,6,0.2231
39157,11,0.1622
39158,1,0.2938
39180,6,0.2280
39207,6,0.1221
39214,6,0.2554
39219,5,0.2895
39221,11,0.1255
39227,0,0.1689
39236,3,0.2111
39237,12,0.3181
39247,12,0.2441
39256,3,0.2514
39257,3,0.2105
39268,10,0.1262
39271,3,0.2622
39276,3,0.2355
39279,5,0.2747
39374,3,0.2912
39375,1,0.2802
39387,6,0.1992
39406,9,0.1701
39428,6,0.1873
39435,6,0.1795
39436,6,0.1916
39446,3,0.2286
39452,5,0.3514
39453,0,0.1241
39457,5,0.2957
39465,5,0.3975
39466,5,0.4227
39479,5,0.3430
39486,5,0.3907
39491,6,0.0000
39495,1,0.0816
39501,3,0.2339
39505,3,0.1798
39506,3,0.2727
39514,8,0.1429
39515,13,0.1476
39522,3,0.2028
39562,6,0.2213
39582,6,0.2859
39586,6,0.0846
39587,6,0.1926
39594,14,0.2288
39598,5,0.2344
39602,11,0.3435
39606,5,0.3146
39610,5,0.4309
39615,5,0.3577
39622,14,0.2409
39623,1,0.3189
39626,12,0.2831
39633,14,0.2982
39637,1,0.2156
39638,14,0.2436
39646,1,0.2331
39662,9,0.2428
39680,9,0.2086
39684,6,0.1874
39689,6,0.1004
39695,5,0.2368
39696,11,0.2421
39697,0,0.1700
39698,5,0.3681
39708,3,0.2477
39709,1,0.1078
39713,12,0.2610
39719,1,0.1355
39729,1,0.2660
39730,3,0.2005
39738,1,0.2528
39741,1,0.3181
39777,6,0.2503
39798,6,0.1340
39802,6,0.1697
39806,3,0.1355
39811,5,0.3218
39812,11,0.1554
39813,13,0.0833
39822,13,0.1697
39823,3,0.2977
39824,8,0.1994
39852,0,0.0894
39853,0,0.1274
39854,0,0.1917
39872,14,0.2721
39873,14,0.2327
39913,6,0.2193
39939,6,0.1712
39943,13,0.1710
39947,5,0.3127
39950,11,0.2291
39954,0,0.1676
39959,5,0.3037
39963,3,0.2491
39970,3,0.2447
39971,3,0.1535
39978,0,0.0750
39982,1,0.2313
39984,14,0.2386
40036,6,0.2302
40040,6,0.1930
40048,5,0.2938
40049,11,0.1341
40055,0,0.1731
40060,13,0.2206
40062,1,0.1020
40065,13,0.2099
40070,13,0.1957
40080,12,0.2904
40087,1,0.1853
40091,9,0.1636
40098,14,0.1390
40099,3,0.2382
40104,5,0.2736
40113,14,0.2545
40118,4,0.3209
40191,1,0.2798
40196,14,0.2917
40202,9,0.2009
40212,1,0.1841
40217,5,0.2666
40226,11,0.2039
40237,0,0.0833
40283,5,0.2617
40290,14,0.1742
40294,1,0.2370
40299,0,0.1609
40305,3,0.2375
40310,3,0.2673
40317,11,0.1653
40322,1,0.1662
40327,3,0.1851
40333,3,0.1466
40338,5,0.2565
40365,0,0.0720
40369,0,0.1649
40373,12,0.2007
40374,5,0.3047
40383,5,0.3447
40389,8,0.1289
40391,4,0.0875
40395,4,0.0295
40406,2,0.2757
40422,5,0.2800
40453,5,0.2644
40457,11,0.1228
40461,12,0.2462
40466,13,0.1216
40472,3,0.2803
40477,2,0.2572
40488,5,0.2557
40494,1,0.2690
40495,2,0.2481
40502,2,0.2342
40507,2,0.3171
40514,2,0.2983
40518,2,0.2543
40648,0,0.1348
40678,0,0.1151
40694,1,0.2595
40702,0,0.2150
40708,2,0.2042
40712,5,0.0000
40714,12,0.3406
40715,12,0.2598
40922,5,0.3148
40941,9,0.1726
40948,9,0.0842
40959,9,0.2221
40968,11,0.2907
40977,6,0.1631
40984,6,0.1520
40988,6,0.1318
40995,6,0.2187
41009,0,0.1180
41038,5,0.2902
41052,0,0.1657
41058,0,0.2040
41073,0,0.1444
41084,7,0.2880
41092,0,0.1523
41113,3,0.0524
41125,11,0.0820
41139,1,0.1457
41204,0,0.2369
41218,5,0.3052
41226,6,0.2451
41241,6,0.1584
41249,7,0.2446
41256,0,0.2206
41266,0,0.1639
41277,7,0.1545
41283,0,0.1021
41331,1,0.0910
41351,0,0.1817
41369,0,0.2339
41455,0,0.1963
41627,9,0.2116
41634,9,0.1897
41639,7,0.0683
41647,6,0.0374
41901,10,0.3819
41912,10,0.3131
41923,10,0.3459
41934,10,0.2112
41939,10,0.4231
41947,10,0.1984
41954,10,0.2261
41984,2,0.2592
42001,2,0.1683
42010,2,0.2983
42014,0,0.0927
42018,2,0.2840
42022,2,0.2229
42026,2,0.2979
42070,0,0.2078
42082,3,0.2128
42098,14,0.2215
42113,14,0.1636
42122,1,0.2697
42129,14,0.2404
42159,9,0.1626
42178,10,0.3053
42194,10,0.3396
42200,10,0.3286
42206,10,0.3015
42210,10,0.2887
42215,10,0.3812
42219,10,0.3152
42224,10,0.2824
42235,9,0.1615
42246,0,0.2211
42265,9,0.1702
42332,0,0.2425
42352,0,0.1811
42386,0,0.1582
42416,1,0.2441
42445,5,0.3213
42449,5,0.1896
42459,5,0.2802
42463,14,0.2009
42469,5,0.3308
42478,4,0.0701
42488,0,0.1695
42497,2,0.2191
42502,12,0.2908
42508,14,0.3374
42512,14,0.1624
42517,1,0.2697
42526,3,0.2714
42530,6,0.2631
42534,5,0.3257
42582,0,0.2191
42602,2,0.2005
42615,2,0.2227
42618,10,0.2884
42621,0,0.1565
42625,0,0.1734
42633,2,0.2131
42636,5,0.3689
42679,9,0.2529
42690,7,0.2966
42724,3,0.1989
42733,0,0.1979
42740,4,0.2412
42751,9,0.2400
42759,6,0.1131
42775,6,0.2109
42784,6,0.2119
42785,6,0.1733
42809,0,0.1257
42822,7,0.3010
42830,9,0.2915
42840,0,0.2143
43031,0,0.2015
43041,9,0.2308
43076,6,0.2338
43085,5,0.3262
43094,5,0.3372
43098,12,0.2369
43104,5,0.2725
43113,5,0.2557
43118,12,0.3015
43123,1,0.1306
43128,10,0.2283
43132,10,0.1196
43136,2,0.2222
43152,5,0.3944
43207,0,0.1828
43250,0,0.0708
43261,0,0.0830
43294,5,0.2440
43302,6,0.2643
43308,5,0.3669
43312,2,0.2220
43320,1,0.2634
43348,3,0.1769
43358,14,0.3345
43366,3,0.1535
43373,5,0.3737
43377,2,0.3031
43431,9,0.2720
43451,2,0.1089
43468,14,0.2408
43481,1,0.2862
43490,0,0.0773
43496,0,0.0752
43501,0,0.0757
43509,1,0.2062
43520,1,0.2599
43525,3,0.2163
43532,0,0.2128
43534,12,0.2152
43552,9,0.2591
43561,7,0.2430
43567,1,0.2301
43569,6,0.1625
43575,6,0.2305
43582,6,0.1540
43593,6,0.1243
43616,9,0.2340
43632,9,0.1724
43654,9,0.1854
43666,2,0.0522
43712,0,0.1332
43724,6,0.2521
43732,5,0.3421
43742,5,0.3576
43746,0,0.1285
43755,1,0.2859
43759,3,0.2007
43766,14,0.3142
43773,0,0.2159
43823,6,0.1469
43830,12,0.1927
43843,5,0.2502
43849,12,0.2172
43857,2,0.2221
43861,1,0.2433
43869,5,0.2591
43875,1,0.2617
43879,5,0.2943
43883,0,0.1942
43890,5,0.1374
43894,9,0.1264
43905,7,0.2328
43916,3,0.0000
43951,1,0.2897
43958,1,0.2342
44016,0,0.2332
44039,0,0.2331
44053,14,0.2560
44060,1,0.2042
44069,1,0.2957
44072,0,0.1712
44079,14,0.2152
44083,0,0.2221
44104,9,0.1350
44116,4,0.2533
44155,4,0.0000
44163,13,0.0481
44171,2,0.1339
44197,5,0.2999
44207,0,0.2086
44219,0,0.1263
44227,1,0.2985
44292,5,0.2839
44301,5,0.3253
44311,6,0.2333
44312,10,0.2146
44390,0,0.1679
44400,0,0.1727
44410,2,0.2814
44431,10,0.1592
44436,10,0.3730
44446,1,0.2461
44464,12,0.2179
44468,5,0.3038
44473,2,0.2273
44478,5,0.2612
44495,8,0.1799
44500,0,0.1210
44546,2,0.2317
44550,11,0.0567
44567,10,0.4072
44580,10,0.3677
44584,0,0.1899
44598,10,0.2953
44601,10,0.2954
44607,10,0.2822
44610,10,0.3300
44614,2,0.2118
44618,8,0.2604
44623,10,0.0720
44643,0,0.2218
44650,2,0.3021
44654,2,0.2269
44660,2,0.2459
44667,1,0.2465
44671,10,0.2675
44675,2,0.3062
44681,5,0.3920
44686,5,0.3413
44690,0,0.1908
44695,2,0.2247
44704,6,0.1614
44734,2,0.2644
44744,8,0.2766
44748,5,0.2851
44752,5,0.3371
44761,0,0.1378
44776,0,0.1757
44780,2,0.2254
44789,12,0.1753
44793,12,0.2401
44797,5,0.2024
44824,1,0.0818
44839,1,0.1775
44844,7,0.2586
44855,4,0.2108
44877,0,0.1467
44887,0,0.1720
44940,5,0.2400
44949,0,0.1470
44957,6,0.0586
44966,6,0.2390
44976,6,0.0534
44981,6,0.1421
44994,2,0.1469
45000,7,0.1163
45006,0,0.1985
45021,11,0.0514
45028,0,0.1326
45046,9,0.2061
45067,9,0.1599
45085,1,0.3158
45092,2,0.3005
45099,14,0.3361
45105,12,0.2469
45111,5,0.3057
45116,5,0.0891
45120,6,0.1517
45127,5,0.1868
45152,0,0.2212
45163,0,0.1530
45183,12,0.1811
45193,1,0.1644
45200,1,0.1856
45208,1,0.2646
45213,1,0.2175
45214,12,0.2862
45225,12,0.2303
45245,1,0.1384
45246,6,0.2045
45247,6,0.1327
45248,9,0.0768
45296,1,0.2966
45300,2,0.1941
45309,5,0.3137
45318,1,0.2865
45324,14,0.2679
45329,14,0.2624
45335,14,0.2047
45340,14,0.2117
45344,5,0.3128
45348,14,0.1554
45356,5,0.1590
45361,12,0.2707
45366,0,0.2070
45370,12,0.3234
45374,14,0.1947
45378,5,0.3808
45382,6,0.1016
45398,2,0.2237
45430,9,0.1151
45436,9,0.2010
45443,9,0.1673
45476,0,0.1244
45484,13,0.1875
45494,7,0.1934
45504,0,0.2258
45541,0,0.1785
45549,0,0.1306
45575,0,0.2673
45585,14,0.2055
45591,2,0.3008
45595,12,0.2385
45599,1,0.3188
45603,1,0.2481
45609,1,0.2906
45613,1,0.3042
45617,1,0.3321
45621,1,0.2965
45639,5,0.2207
45644,10,0.3592
45650,10,0.3323
45662,0,0.1160
45667,0,0.1856
45668,4,0.0930
45674,12,0.1732
45678,8,0.1866
45696,0,0.1787
45707,1,0.1823
45720,1,0.3203
45728,14,0.1775
45737,1,0.1267
45746,1,0.1345
45749,5,0.3400
45755,0,0.1931
45764,1,0.1681
45775,2,0.2532
45784,1,0.2606
45791,1,0.2378
45796,5,0.2777
45800,5,0.3440
45804,14,0.2229
45808,2,0.2427
45812,2,0.2410
45816,1,0.2882
45824,5,0.2681
45832,5,0.4308
45838,9,0.2581
45841,0,0.1582
45845,10,0.1753
45853,7,0.2626
45854,10,0.4303
45860,5,0.3172
45865,6,0.1702
45873,0,0.2331
45877,6,0.2277
45897,6,0.1468
45905,3,0.1258
45908,6,0.1108
45918,2,0.2338
45929,2,0.2667
45933,10,0.3797
45937,5,0.3678
45943,5,0.3469
45951,5,0.3454
45958,5,0.3839
46024,5,0.3846
46032,0,0.2249
46058,0,0.1380
46066,7,0.1563
46073,5,0.2996
46093,9,0.2579
46113,14,0.2824
46127,8,0.1673
46129,1,0.2197
46133,2,0.1577
46142,1,0.2845
46148,14,0.2645
46155,14,0.3176
46161,14,0.1295
46168,14,0.2545
46172,14,0.2464
46179,14,0.2470
46187,14,0.2093
46195,2,0.2086
46204,5,0.3951
46213,13,0.1227
46217,6,0.1721
46224,14,0.2506
46234,2,0.1934
46242,2,0.2683
46252,3,0.1458
46258,2,0.2437
46263,2,0.2493
46267,2,0.2000
46273,2,0.2840
46289,1,0.2080
46293,14,0.2866
46297,5,0.3672
46301,6,0.2242
46435,2,0.2847
46445,2,0.2976
46449,14,0.2715
46453,1,0.2317
46457,5,0.2935
46461,5,0.2579
46466,5,0.3334
46470,10,0.3535
46477,5,0.1485
46481,5,0.2261
46486,5,0.2822
46498,0,0.1768
46514,1,0.2236
46521,2,0.2506
46525,1,0.2521
46529,1,0.3242
46533,1,0.2767
46538,1,0.2870
46542,5,0.3253
46548,0,0.1902
46554,5,0.2689
46598,5,0.2759
46607,3,0.2150
46612,5,0.1131
46616,5,0.3395
46622,12,0.1506
46626,5,0.3443
46636,12,0.1891
46640,5,0.2567
46645,6,0.1063
46666,8,0.2677
46673,10,0.3859
46682,10,0.3379
46683,10,0.3232
46690,10,0.3044
46694,10,0.3048
46699,10,0.3185
46703,10,0.3064
46709,10,0.3844
46713,10,0.4154
46721,10,0.3826
46725,0,0.1632
46729,0,0.1571
46733,5,0.2665
46744,10,0.3941
46752,10,0.3517
46760,10,0.4014
46769,10,0.4235
46777,10,0.3147
46782,10,0.3758
46788,10,0.3918
46794,10,0.2255
46800,10,0.2175
46806,10,0.2146
46812,10,0.3844
46818,10,0.2516
46823,10,0.2903
46828,10,0.3198
46833,10,0.2405
46837,10,0.2671
46844,10,0.1710
46848,10,0.2503
46856,5,0.3409
46866,5,0.2720
46874,10,0.2944
46879,5,0.3001
46884,5,0.2271
46889,5,0.1891
46896,5,0.2932
46900,5,0.2279
46905,5,0.2192
46912,5,0.3180
46917,5,0.2744
46920,2,0.2119
46924,5,0.3012
46927,5,0.2531
46932,5,0.2832
46936,10,0.2635
46940,5,0.3241
46955,5,0.3773
46961,5,0.3775
46963,10,0.3249
46969,5,0.2855
46971,5,0.3736
46982,5,0.3032
46985,5,0.3515
47014,0,0.1893
47043,0,0.2495
47056,0,0.1737
47072,5,0.3141
47095,5,0.2403
47115,5,0.3007
47125,3,0.2199
47308,5,0.4120
47324,12,0.2288
47343,9,0.1197
47350,6,0.1198
47369,1,0.1586
47375,6,0.1651
47440,6,0.1020
47453,7,0.1506
47459,0,0.2270
48014,9,0.2035
48038,9,0.1971
48061,2,0.1682
48131,1,0.1296
48226,3,0.1625
48264,10,0.3506
48270,11,0.1665
48283,1,0.1632
48298,3,0.0362
48316,0,0.2119
48323,10,0.3154
48334,5,0.3444
48347,10,0.3309
48352,10,0.2369
48359,12,0.2376
48364,12,0.1997
48381,7,0.2505
48392,6,0.1119
48400,6,0.1933
48406,6,0.1068
48453,3,0.1901
48463,3,0.2541
48499,9,0.2168
48529,7,0.2256
48554,0,0.1523
48569,3,0.2524
48638,3,0.2168
48725,1,0.1455
48729,0,0.0546
48739,0,0.0462
48751,0,0.0000
48820,5,0.1449
48826,0,0.0234
48833,14,0.1362
48835,1,0.1215
48864,10,0.2380
15767545,0,0.1792
15767554,0,0.1140
15767560,4,0.1557
15767583,0,0.0827
15767587,14,0.1822
15767596,0,0.1488
15767602,13,0.2275
15767607,14,0.2767
15767617,0,0.1152
15767619,5,0.3096
15767628,1,0.2136
15767636,5,0.3247
15767646,9,0.0817
15767654,0,0.1567
15767693,5,0.3097
15767704,5,0.2496
15767709,14,0.2085
15767716,14,0.1630
15767721,13,0.1725
15767732,9,0.2582
15767777,13,0.1689
15767793,10,0.2672
15767805,10,0.3092
15767853,5,0.3412
15767870,5,0.2697
15767876,14,0.1600
15767881,9,0.1013
15767894,14,0.1338
15767910,9,0.0147
15767927,7,0.2266
15767935,7,0.0000
15767941,9,0.1200
15767960,9,0.0557
15767977,9,0.2701
15768001,9,0.1144
15768010,0,0.2088
15768021,0,0.1359
15768050,10,0.3633
15768082,10,0.2487
15768170,9,0.2612
15768184,9,0.2013
15768203,7,0.2220
15768206,0,0.1953
15768246,9,0.2429
15768270,0,0.2089
15768284,9,0.2113
15768292,9,0.1919
15768303,9,0.0853
15768313,9,0.0929
15768320,0,0.2370
15768324,0,0.1650
15768338,0,0.1951
15768346,0,0.1457
15768380,0,0.1987
15768398,3,0.1842
15768407,6,0.1722
15768415,6,0.2182
15768416,6,0.1468
15768431,7,0.1236
15768443,10,0.0473
15768513,3,0.1600
15768527,11,0.1832
15768536,5,0.4035
15768562,12,0.2256
15768578,2,0.1349
15768610,11,0.0000
15768643,5,0.2879
15768666,3,0.1514
15768670,3,0.2331
15768692,3,0.0983
15768704,6,0.1147
15768719,6,0.1669
15768723,3,0.1791
15768747,7,0.1800
15768753,9,0.2775
15768773,3,0.2755
15768796,3,0.2027
15768805,6,0.1394
15768818,0,0.1978
