id_numero,directus_id,identifier,details_url,download_url,status,note
OEL-156,00dd1cda-d7cd-4a14-ab5f-7bbb4644a8aa,OmbreELuciN_156,https://archive.org/details/OmbreELuciN_156,https://archive.org/download/OmbreELuciN_156,ok,
OEL-159,0177ee45-7b8b-42ea-84ac-5ec59f825017,OmbreELuciN_159,https://archive.org/details/OmbreELuciN_159,https://archive.org/download/OmbreELuciN_159,ok,
OEL-13,0983938a-a002-46ac-b17e-58bd32babbf0,OmbreELuci_010_201712,https://archive.org/details/OmbreELuci_010_201712,https://archive.org/download/OmbreELuci_010_201712,ok,
OEL-161,09d2a76a-f405-4658-9f8e-8d218dff9248,OmbreELuciN_161,https://archive.org/details/OmbreELuciN_161,https://archive.org/download/OmbreELuciN_161,ok,
OEL-64,0bbe1e4d-2485-4852-9254-f81d40d51cb9,OmbreELuciN_64,https://archive.org/details/OmbreELuciN_64,https://archive.org/download/OmbreELuciN_64,ok,
OEL-12,0f33a545-3d3a-4734-8167-d81540aaa198,OmbreELuci_012,https://archive.org/details/OmbreELuci_012,https://archive.org/download/OmbreELuci_012,ok,
OEL-11,13bde349-8505-483c-a110-52e438293852,OmbreELuci_011,https://archive.org/details/OmbreELuci_011,https://archive.org/download/OmbreELuci_011,ok,
OEL-164,1f582024-88b8-41e0-a4c2-46ed6cda1839,OmbreELuciN_164,https://archive.org/details/OmbreELuciN_164,https://archive.org/download/OmbreELuciN_164,ok,
OEL-63,32298d18-dff2-4aae-bc03-f9bf23944a47,OmbreELuciN_63,https://archive.org/details/OmbreELuciN_63,https://archive.org/download/OmbreELuciN_63,ok,
OEL-136,4bcad427-c3c2-402f-8cfe-71ae6ea70717,OmbreELuciN_136,https://archive.org/details/OmbreELuciN_136,https://archive.org/download/OmbreELuciN_136,ok,
OEL-34,4c22c071-e0ce-4c22-875a-5ff874d27262,OmbreELuci_34,https://archive.org/details/OmbreELuci_34,https://archive.org/download/OmbreELuci_34,ok,
OEL-66,4ec212c4-afee-4768-bd11-301309ed9bb2,OmbreELuciN_66,https://archive.org/details/OmbreELuciN_66,https://archive.org/download/OmbreELuciN_66,ok,
OEL-172,588920a7-542e-4c51-ac41-af8942275264,,,,no_archive,
OEL-3,5c18c6e6-054b-41db-968f-c525ffaa5d6c,OmbreELuci_003,https://archive.org/details/OmbreELuci_003,https://archive.org/download/OmbreELuci_003,ok,
OEL-166,6b67b6f1-de19-46fd-a62d-be70752b8489,OmbreELuciN_166,https://archive.org/details/OmbreELuciN_166,https://archive.org/download/OmbreELuciN_166,ok,
OEL-132,73e73def-6baa-44c1-a92b-b9c974560d46,OmbreeLuci_132,https://archive.org/details/OmbreeLuci_132,https://archive.org/download/OmbreELuci_002,ok,
OEL-9,7b5f0bde-f779-4850-b19b-089b973fb7eb,Httpsarchive.orgdetailsOmbreELuci_009,https://archive.org/details/Httpsarchive.orgdetailsOmbreELuci_009,https://archive.org/download/Httpsarchive.orgdetailsOmbreELuci_009,ok,
OEL-135,7c7140e3-6d44-4d14-82d3-fc32db6b01fc,OmbreELuciN_135,https://archive.org/details/OmbreELuciN_135,https://archive.org/download/OmbreELuciN_135,ok,
OEL-165,7d84b1ce-f121-4c00-b5c0-27d92ddc4401,OmbreELuciN_165,https://archive.org/details/OmbreELuciN_165,https://archive.org/download/OmbreELuciN_165,ok,
OEL-8,9311f77a-6355-48c7-8332-f2edddf84b2c,OmbreELuci_008,https://archive.org/details/OmbreELuci_008,https://archive.org/download/OmbreELuci_008,ok,
OEL-163,989aea4d-06ba-4bbc-9138-a3f8a96575d7,OmbreELuciN_163,https://archive.org/details/OmbreELuciN_163,https://archive.org/download/OmbreELuciN_163,ok,
OEL-171,9a52facd-5e9b-4555-8e96-76eae19aba27,,,,no_archive,
OEL-40,9dd447ae-c5a1-4a15-ae68-ab016e730b81,OmbreELuci_40,https://archive.org/details/OmbreELuci_40,https://archive.org/download/OmbreELuci_40,ok,
OEL-1,a0bde3ce-67d1-4091-9e5d-7972df46d96f,OmbreELuci_001,https://archive.org/details/OmbreELuci_001,https://archive.org/download/OmbreELuci_001,ok,
OEL-162,a226f1c3-4e45-4519-b0ae-301d3548cb41,,,,no_archive,
OEL-2,a60c92da-fbce-43f1-9709-2cc503a93787,OmbreELuci_002,https://archive.org/details/OmbreELuci_002,https://archive.org/download/OmbreELuci_002,ok,
OEL-5,a840bbb5-e1c6-486f-94be-9dea36f26300,OmbreELuci_005,https://archive.org/details/OmbreELuci_005,https://archive.org/download/OmbreELuci_005,ok,
OEL-14,b29fbab1-f768-4e92-af74-51797a7c957f,OmbreELuci_014,https://archive.org/details/OmbreELuci_014,https://archive.org/download/OmbreELuci_014,ok,
OEL-157,b8efd8b6-bdf0-42ed-aff9-13d77ce88316,OmbreELuciN_157,https://archive.org/details/OmbreELuciN_157,https://archive.org/download/OmbreELuciN_157,ok,
OEL-4,b94d4ee8-bfec-4f4b-a328-b5f4f5ed4f31,OmbreELuciN004,https://archive.org/details/OmbreELuciN004,https://archive.org/download/OmbreELuciN004,ok,
OEL-158,ce7f3227-ca5c-4f12-b853-91c35854a343,OmbreELuciN_158,https://archive.org/details/OmbreELuciN_158,https://archive.org/download/OmbreELuciN_158,ok,
OEL-6,e0689b7d-7755-4ac6-bb5c-afddd69ae53f,OmbreELuci_006,https://archive.org/details/OmbreELuci_006,https://archive.org/download/OmbreELuci_006,ok,
OEL-160,e1cfd79d-e4e5-41d6-8824-d8eba3f6cd20,OmbreELuciN_160,https://archive.org/details/OmbreELuciN_160,https://archive.org/download/OmbreELuciN_160,ok,
OEL-15,eca993d3-7b19-42c2-820a-ef51defdaf66,OmbreELuci_015,https://archive.org/details/OmbreELuci_015,https://archive.org/download/OmbreELuci_015,ok,
OEL-131,f20e0188-4c8b-4ffa-8988-5b6769f9c0d1,OmbreeLuci_131,https://archive.org/details/OmbreeLuci_131,https://archive.org/download/OmbreELuci_002,ok,
OEL-7,f9f02b43-6556-4d42-aa54-7372458b2a89,OmbreELuciN007,https://archive.org/details/OmbreELuciN007,https://archive.org/download/OmbreELuciN007,ok,
