article_id,slug,wp_url,new_url,status
029cc311-db14-4c56-8e1b-50c73a79d6f6,il-mio-piede-sinistro-il-film,http://www.ombreeluci.it/wp-content/uploads/2019/02/oel059-008-1024x576.jpg,https://pub-2251dc2142e3492a961f629f2af543d0.r2.dev/corpo/b5436bd2-5a80-41bd-bc9e-fa5da0420d78,uploaded
0dc471fe-3e3f-4a6f-89c7-ebb34b154fe7,dedicato-ai-bambini-flavio,http://www.ombreeluci.it/wp-content/uploads/2019/02/oel058-014-1024x1024.jpg,https://pub-2251dc2142e3492a961f629f2af543d0.r2.dev/corpo/2afce04d-d0fa-4326-9ebc-98d8419bea47,uploaded
0dc471fe-3e3f-4a6f-89c7-ebb34b154fe7,dedicato-ai-bambini-flavio,http://www.ombreeluci.it/wp-content/uploads/2019/02/oel058-015-1024x1009.jpg,https://pub-2251dc2142e3492a961f629f2af543d0.r2.dev/corpo/1615a432-effb-4564-8700-a68a2dbb69b8,uploaded
0dc471fe-3e3f-4a6f-89c7-ebb34b154fe7,dedicato-ai-bambini-flavio,http://www.ombreeluci.it/wp-content/uploads/2019/02/oel058-016-1024x1024.jpg,https://pub-2251dc2142e3492a961f629f2af543d0.r2.dev/corpo/fb18d4f3-c212-46a7-b963-5ecd03ffa0f7,uploaded
0e53ffca-33ff-4003-85d5-5557d204ce75,ti-ricordi-nicole,http://www.ombreeluci.it/wp-content/uploads/2007/12/oel10003-1024x576.jpg,https://pub-2251dc2142e3492a961f629f2af543d0.r2.dev/corpo/a48d9607-457e-440d-8e02-17615c70011a,uploaded
0e53ffca-33ff-4003-85d5-5557d204ce75,ti-ricordi-nicole,http://www.ombreeluci.it/wp-content/uploads/2007/12/oel10002.jpg,https://pub-2251dc2142e3492a961f629f2af543d0.r2.dev/corpo/b0f64057-5b8f-4f02-9b73-c256a11422cc,uploaded
0e6ec1d5-1787-4328-86f9-07d383cadc46,larmadio-dei-giocattoli,http://www.ombreeluci.it/wp-content/uploads/2018/08/oel045-013.jpg,https://pub-2251dc2142e3492a961f629f2af543d0.r2.dev/corpo/a3c5e66a-e7d4-4ad8-ba19-e2c476984e68,uploaded
0feb7748-c2df-4e2a-be57-386c1e13b101,coraggio-immacolata,https://www.ombreeluci.it/wp-content/uploads/2020/03/oel069-010-300x223.jpg,https://pub-2251dc2142e3492a961f629f2af543d0.r2.dev/corpo/0aa5cb36-42e7-4a8f-9ba0-ebabba2d0484,uploaded
125e2980-b9c2-41af-a05e-a59abe178c1e,una-soria-vera,http://www.ombreeluci.it/wp-content/uploads/2019/02/oel058-007-1024x576.jpg,https://pub-2251dc2142e3492a961f629f2af543d0.r2.dev/corpo/f51e1205-7427-4788-920a-441ea8c15728,uploaded
125e2980-b9c2-41af-a05e-a59abe178c1e,una-soria-vera,http://www.ombreeluci.it/wp-content/uploads/2019/02/oel058-008-1024x576.jpg,https://pub-2251dc2142e3492a961f629f2af543d0.r2.dev/corpo/cf2b41c4-67a4-4a13-93ea-149c0ec71683,uploaded
125e2980-b9c2-41af-a05e-a59abe178c1e,una-soria-vera,http://www.ombreeluci.it/wp-content/uploads/2019/02/oel058-009-1024x576.jpg,https://pub-2251dc2142e3492a961f629f2af543d0.r2.dev/corpo/11e4c35f-9af2-46db-8e36-3a3e9fb4cef3,uploaded
16087ec2-941a-497f-b965-9311fc2a448e,vicenza-centro-di-formazione-professionale-dell-opera-francescana-charitas,http://www.ombreeluci.it/wp-content/uploads/2017/10/oel_n2_bruno_CentroFormazioneProfessionaleOperaFrancescana-1024x1024.jpg,https://pub-2251dc2142e3492a961f629f2af543d0.r2.dev/corpo/f1e2760f-c458-4e2e-8f9e-a75f61f8bcfd,uploaded
195eacec-a4e0-4ce6-8f39-84e6a8780472,giacomo,http://www.ombreeluci.it/wp-content/uploads/2018/06/oel038-008A.jpg,https://pub-2251dc2142e3492a961f629f2af543d0.r2.dev/corpo/564ed548-14f4-46cf-8145-2432b6465b82,uploaded
195eacec-a4e0-4ce6-8f39-84e6a8780472,giacomo,http://www.ombreeluci.it/wp-content/uploads/2018/06/oel038-012.jpg,https://pub-2251dc2142e3492a961f629f2af543d0.r2.dev/corpo/a17f1be8-8512-4f3e-9b0d-a178049384e1,uploaded
196e737b-5057-4d8c-b6a1-b7ea83a5416f,isolato-ma-immerso-nella-vita,https://www.ombreeluci.it/wp-content/uploads/2020/09/oel-76-07-1024x576.jpg,https://pub-2251dc2142e3492a961f629f2af543d0.r2.dev/corpo/63d1c5fd-2e50-45e8-a25c-bf5b7784712e,uploaded
196e737b-5057-4d8c-b6a1-b7ea83a5416f,isolato-ma-immerso-nella-vita,https://www.ombreeluci.it/wp-content/uploads/2020/09/oel-76-08-1024x576.jpg,https://pub-2251dc2142e3492a961f629f2af543d0.r2.dev/corpo/f40c446d-5560-4bbe-a82a-5d986ce3c9c5,uploaded
196e737b-5057-4d8c-b6a1-b7ea83a5416f,isolato-ma-immerso-nella-vita,https://www.ombreeluci.it/wp-content/uploads/2020/09/oel-76-09-1024x576.jpg,https://pub-2251dc2142e3492a961f629f2af543d0.r2.dev/corpo/c775f918-16c8-4f83-9141-2f399fff7b9b,uploaded
1c5e6faa-c7e1-430d-8ada-dcd087c1967d,accarezzando-insieme-lerba,https://www.ombreeluci.it/wp-content/uploads/2020/09/Float.jpg,https://pub-2251dc2142e3492a961f629f2af543d0.r2.dev/corpo/9cd604d8-e385-4836-b99e-7b59a024b0ac,uploaded
22bb9753-7125-4ac9-bb35-4a72f86cec3b,storia-di-un-traghettatore,https://www.ombreeluci.it/wp-content/uploads/2020/01/il-grande-cavallo-blu.jpg,https://pub-2251dc2142e3492a961f629f2af543d0.r2.dev/corpo/156c78d3-cdea-4245-8ebc-ff04238f3bc6,uploaded
29513721-8c02-491d-8b73-be6c648f4df7,ol-incontra-jorit,https://www.ombreeluci.it/wp-content/uploads/2020/11/Jorit-Niccolo-Maradona-1.jpg,https://pub-2251dc2142e3492a961f629f2af543d0.r2.dev/corpo/d61484e5-4936-42d8-b6c2-3e1e6bb2980a,uploaded
30256585-adae-4e7f-9f42-2ef945902224,intorno-alla-nascita,https://www.ombreeluci.it/wp-content/uploads/2019/07/oel65-0011.jpg,https://pub-2251dc2142e3492a961f629f2af543d0.r2.dev/corpo/39b8ed91-e875-4cd7-a011-8cc6405f203b,uploaded
30256585-adae-4e7f-9f42-2ef945902224,intorno-alla-nascita,https://www.ombreeluci.it/wp-content/uploads/2019/07/oel65-0010.jpg,https://pub-2251dc2142e3492a961f629f2af543d0.r2.dev/corpo/07890ffe-8bbc-4448-8f52-a7567fa2eedc,uploaded
31793793-fa14-4869-ae39-7a8212b9d9f5,luigi-monza-una-storia-illustrata,https://www.ombreeluci.it/wp-content/uploads/2019/06/oel061-011A-1024x679.jpg,https://pub-2251dc2142e3492a961f629f2af543d0.r2.dev/corpo/1ffd02e0-b065-4a48-aaaf-975035dbfd3c,uploaded
31793793-fa14-4869-ae39-7a8212b9d9f5,luigi-monza-una-storia-illustrata,https://www.ombreeluci.it/wp-content/uploads/2019/06/oel061-011B-1024x631.jpg,https://pub-2251dc2142e3492a961f629f2af543d0.r2.dev/corpo/8b6a34f8-c178-4148-8c92-17e8b33d2798,uploaded
31793793-fa14-4869-ae39-7a8212b9d9f5,luigi-monza-una-storia-illustrata,https://www.ombreeluci.it/wp-content/uploads/2019/06/oel061-012A-1024x676.jpg,https://pub-2251dc2142e3492a961f629f2af543d0.r2.dev/corpo/051b8b41-211b-483e-945b-cebcd3e59860,uploaded
31793793-fa14-4869-ae39-7a8212b9d9f5,luigi-monza-una-storia-illustrata,https://www.ombreeluci.it/wp-content/uploads/2019/06/oel061-012B-1024x651.jpg,https://pub-2251dc2142e3492a961f629f2af543d0.r2.dev/corpo/e87f1b1d-235c-4ce2-85bd-b8139bc57ac1,uploaded
31793793-fa14-4869-ae39-7a8212b9d9f5,luigi-monza-una-storia-illustrata,https://www.ombreeluci.it/wp-content/uploads/2019/06/oel061-013A-1024x655.jpg,https://pub-2251dc2142e3492a961f629f2af543d0.r2.dev/corpo/58cbbad0-6804-477d-ae3d-116d19080c62,uploaded
31793793-fa14-4869-ae39-7a8212b9d9f5,luigi-monza-una-storia-illustrata,https://www.ombreeluci.it/wp-content/uploads/2019/06/oel061-013B-1024x653.jpg,https://pub-2251dc2142e3492a961f629f2af543d0.r2.dev/corpo/ab1d0f73-a787-46af-af3a-bedffab2fb03,uploaded
31793793-fa14-4869-ae39-7a8212b9d9f5,luigi-monza-una-storia-illustrata,https://www.ombreeluci.it/wp-content/uploads/2019/06/oel061-014A-1024x709.jpg,https://pub-2251dc2142e3492a961f629f2af543d0.r2.dev/corpo/6215142a-551b-411f-b0f1-d67e1e9b714c,uploaded
31793793-fa14-4869-ae39-7a8212b9d9f5,luigi-monza-una-storia-illustrata,https://www.ombreeluci.it/wp-content/uploads/2019/06/oel061-014B-1024x697.jpg,https://pub-2251dc2142e3492a961f629f2af543d0.r2.dev/corpo/05cb54e6-c8ba-416e-9212-ade4214f6e01,uploaded
31793793-fa14-4869-ae39-7a8212b9d9f5,luigi-monza-una-storia-illustrata,https://www.ombreeluci.it/wp-content/uploads/2019/06/oel061-015A-1024x664.jpg,https://pub-2251dc2142e3492a961f629f2af543d0.r2.dev/corpo/8ca219b0-56f2-45b1-901b-2e259ba41531,uploaded
31793793-fa14-4869-ae39-7a8212b9d9f5,luigi-monza-una-storia-illustrata,https://www.ombreeluci.it/wp-content/uploads/2019/06/oel061-015B-1024x793.jpg,https://pub-2251dc2142e3492a961f629f2af543d0.r2.dev/corpo/afc4c8cb-e629-451e-988b-4a65c9219b90,uploaded
31793793-fa14-4869-ae39-7a8212b9d9f5,luigi-monza-una-storia-illustrata,https://www.ombreeluci.it/wp-content/uploads/2019/06/oel061-016A-1024x660.jpg,https://pub-2251dc2142e3492a961f629f2af543d0.r2.dev/corpo/dd766f5b-38b7-454a-8dca-936a7a66d021,uploaded
31793793-fa14-4869-ae39-7a8212b9d9f5,luigi-monza-una-storia-illustrata,https://www.ombreeluci.it/wp-content/uploads/2019/06/oel061-016B-1024x725.jpg,https://pub-2251dc2142e3492a961f629f2af543d0.r2.dev/corpo/591feb7e-26d6-46c4-ad06-c8b8ad58295f,uploaded
31793793-fa14-4869-ae39-7a8212b9d9f5,luigi-monza-una-storia-illustrata,https://www.ombreeluci.it/wp-content/uploads/2019/06/oel061-017A-1024x713.jpg,https://pub-2251dc2142e3492a961f629f2af543d0.r2.dev/corpo/6a6f347c-efef-4444-8415-a4188e3aca96,uploaded
31793793-fa14-4869-ae39-7a8212b9d9f5,luigi-monza-una-storia-illustrata,https://www.ombreeluci.it/wp-content/uploads/2019/06/oel061-017B-1024x713.jpg,https://pub-2251dc2142e3492a961f629f2af543d0.r2.dev/corpo/b45a3b56-97e6-4242-9e11-04163add90cc,uploaded
31793793-fa14-4869-ae39-7a8212b9d9f5,luigi-monza-una-storia-illustrata,https://www.ombreeluci.it/wp-content/uploads/2019/06/oel061-018B-1024x666.jpg,https://pub-2251dc2142e3492a961f629f2af543d0.r2.dev/corpo/85c0e725-c7ed-4cc6-b87d-0a01b147b0f5,uploaded
31793793-fa14-4869-ae39-7a8212b9d9f5,luigi-monza-una-storia-illustrata,https://www.ombreeluci.it/wp-content/uploads/2019/06/oel061-018A-1024x801.jpg,https://pub-2251dc2142e3492a961f629f2af543d0.r2.dev/corpo/5c94d594-ba83-42a7-a912-c6f8d53164a5,uploaded
363e59fb-3d7c-410b-b97d-b000151c387b,vita-fede-e-luce-n58-1997,http://www.ombreeluci.it/wp-content/uploads/2019/02/oel058-026-1024x576.jpg,https://pub-2251dc2142e3492a961f629f2af543d0.r2.dev/corpo/cb87d11f-647a-44b3-a06d-33b2edb244de,uploaded
46346575-dfe1-4c92-bd3b-10fd5f318303,il-chicco,https://www.ombreeluci.it/wp-content/uploads/2019/07/oel064-013a.jpg,https://pub-2251dc2142e3492a961f629f2af543d0.r2.dev/corpo/73842c57-544b-4c20-b2c4-660fe3c2072f,uploaded
46346575-dfe1-4c92-bd3b-10fd5f318303,il-chicco,https://www.ombreeluci.it/wp-content/uploads/2019/07/oel064-013b-1024x576.jpg,https://pub-2251dc2142e3492a961f629f2af543d0.r2.dev/corpo/b43f040f-d681-4a51-a411-62012177e840,uploaded
46346575-dfe1-4c92-bd3b-10fd5f318303,il-chicco,https://www.ombreeluci.it/wp-content/uploads/2019/07/oel064-014a.jpg,https://pub-2251dc2142e3492a961f629f2af543d0.r2.dev/corpo/e459efdc-8e73-4f6e-8d12-ec49a1609de2,uploaded
46346575-dfe1-4c92-bd3b-10fd5f318303,il-chicco,https://www.ombreeluci.it/wp-content/uploads/2019/07/oel064-014b.jpg,https://pub-2251dc2142e3492a961f629f2af543d0.r2.dev/corpo/2f11227d-5e2b-426d-b66f-14cd09d1dc7a,uploaded
46346575-dfe1-4c92-bd3b-10fd5f318303,il-chicco,https://www.ombreeluci.it/wp-content/uploads/2019/07/oel064-014c-1024x576.jpg,https://pub-2251dc2142e3492a961f629f2af543d0.r2.dev/corpo/9a3261ac-2cca-4f03-a948-dfc4fd1237b0,uploaded
46346575-dfe1-4c92-bd3b-10fd5f318303,il-chicco,https://www.ombreeluci.it/wp-content/uploads/2019/07/oel064-015b.jpg,https://pub-2251dc2142e3492a961f629f2af543d0.r2.dev/corpo/8da028d2-bbae-463e-8520-5e8e6b92d5a3,uploaded
46346575-dfe1-4c92-bd3b-10fd5f318303,il-chicco,https://www.ombreeluci.it/wp-content/uploads/2019/07/oel064-016a-1024x576.jpg,https://pub-2251dc2142e3492a961f629f2af543d0.r2.dev/corpo/ef9ce1a3-64a9-4158-8aa2-76de87f98527,uploaded
46346575-dfe1-4c92-bd3b-10fd5f318303,il-chicco,https://www.ombreeluci.it/wp-content/uploads/2019/07/oel064-016b-1024x576.jpg,https://pub-2251dc2142e3492a961f629f2af543d0.r2.dev/corpo/8a3cb52c-f83f-43f5-b80b-80371f2a04a8,uploaded
4a7a3e34-1b4e-4a9d-8a1a-de9da3a32034,una-cooperativa-sul-mare,https://www.ombreeluci.it/wp-content/uploads/2020/10/008b-Piccola-Opera-Caritas-Cooperativa-Sociale-Ombre-e-Luci-n.74-2001-1024x576.jpg,https://pub-2251dc2142e3492a961f629f2af543d0.r2.dev/corpo/fd23f9b3-65d9-46c0-81ef-03278148c45f,uploaded
4b87b105-6440-4cf8-a60e-4a82e602f641,maria-teresa-di-calcutta-dedicato-ai-bambini,https://www.ombreeluci.it/wp-content/uploads/2019/06/oel063-madreteresa-01.jpg,https://pub-2251dc2142e3492a961f629f2af543d0.r2.dev/corpo/2ae24ad5-8b33-47d2-8b84-b13d5d1cf3ec,uploaded
4b87b105-6440-4cf8-a60e-4a82e602f641,maria-teresa-di-calcutta-dedicato-ai-bambini,https://www.ombreeluci.it/wp-content/uploads/2019/06/oel063-madreteresa-02.jpg,https://pub-2251dc2142e3492a961f629f2af543d0.r2.dev/corpo/5f4784cc-0a3c-4753-8ab8-91ae6e487d87,uploaded
4b87b105-6440-4cf8-a60e-4a82e602f641,maria-teresa-di-calcutta-dedicato-ai-bambini,https://www.ombreeluci.it/wp-content/uploads/2019/06/oel063-madreteresa-03.jpg,https://pub-2251dc2142e3492a961f629f2af543d0.r2.dev/corpo/4913d1ba-ebda-4016-b949-e783eedca5fb,uploaded
4b87b105-6440-4cf8-a60e-4a82e602f641,maria-teresa-di-calcutta-dedicato-ai-bambini,https://www.ombreeluci.it/wp-content/uploads/2019/06/oel063-madreteresa-04.jpg,https://pub-2251dc2142e3492a961f629f2af543d0.r2.dev/corpo/48504f38-79e1-4dfd-a1ac-5614d8cda32f,uploaded
4b87b105-6440-4cf8-a60e-4a82e602f641,maria-teresa-di-calcutta-dedicato-ai-bambini,https://www.ombreeluci.it/wp-content/uploads/2019/06/oel063-madreteresa-05.jpg,https://pub-2251dc2142e3492a961f629f2af543d0.r2.dev/corpo/80fe47f4-cc35-4cf6-806f-faf05097b290,uploaded
4b87b105-6440-4cf8-a60e-4a82e602f641,maria-teresa-di-calcutta-dedicato-ai-bambini,https://www.ombreeluci.it/wp-content/uploads/2019/06/oel063-madreteresa-06.jpg,https://pub-2251dc2142e3492a961f629f2af543d0.r2.dev/corpo/6bbe2e11-5f86-42ac-9ff9-a76b5d986c3b,uploaded
4b87b105-6440-4cf8-a60e-4a82e602f641,maria-teresa-di-calcutta-dedicato-ai-bambini,https://www.ombreeluci.it/wp-content/uploads/2019/06/oel063-madreteresa-07.jpg,https://pub-2251dc2142e3492a961f629f2af543d0.r2.dev/corpo/ed134d6a-67ad-4818-9074-1af9e615a50d,uploaded
4b87b105-6440-4cf8-a60e-4a82e602f641,maria-teresa-di-calcutta-dedicato-ai-bambini,https://www.ombreeluci.it/wp-content/uploads/2019/06/oel063-madreteresa-08.jpg,https://pub-2251dc2142e3492a961f629f2af543d0.r2.dev/corpo/6f40df83-6c6b-4c80-b9f3-df8c05f85246,uploaded
4b87b105-6440-4cf8-a60e-4a82e602f641,maria-teresa-di-calcutta-dedicato-ai-bambini,https://www.ombreeluci.it/wp-content/uploads/2019/06/oel063-madreteresa-09.jpg,https://pub-2251dc2142e3492a961f629f2af543d0.r2.dev/corpo/4e1a7ad4-7568-41d2-bb81-8be5ee4a2d49,uploaded
4b87b105-6440-4cf8-a60e-4a82e602f641,maria-teresa-di-calcutta-dedicato-ai-bambini,https://www.ombreeluci.it/wp-content/uploads/2019/06/oel063-madreteresa-10.jpg,https://pub-2251dc2142e3492a961f629f2af543d0.r2.dev/corpo/790cd4f9-3927-4241-bfe1-d43cb49d5751,uploaded
4b87b105-6440-4cf8-a60e-4a82e602f641,maria-teresa-di-calcutta-dedicato-ai-bambini,https://www.ombreeluci.it/wp-content/uploads/2019/06/oel063-madreteresa-11.jpg,https://pub-2251dc2142e3492a961f629f2af543d0.r2.dev/corpo/b568134d-52bd-41cf-b073-68b725babf60,uploaded
4b87b105-6440-4cf8-a60e-4a82e602f641,maria-teresa-di-calcutta-dedicato-ai-bambini,https://www.ombreeluci.it/wp-content/uploads/2019/06/oel063-madreteresa-12.jpg,https://pub-2251dc2142e3492a961f629f2af543d0.r2.dev/corpo/add562a1-d690-4581-9702-d1a2315f5bc8,uploaded
4b87b105-6440-4cf8-a60e-4a82e602f641,maria-teresa-di-calcutta-dedicato-ai-bambini,https://www.ombreeluci.it/wp-content/uploads/2019/06/oel063-madreteresa-13.jpg,https://pub-2251dc2142e3492a961f629f2af543d0.r2.dev/corpo/0ac462d3-302c-421a-9c77-fbf421c01e29,uploaded
4b87b105-6440-4cf8-a60e-4a82e602f641,maria-teresa-di-calcutta-dedicato-ai-bambini,https://www.ombreeluci.it/wp-content/uploads/2019/06/oel063-madreteresa-14.jpg,https://pub-2251dc2142e3492a961f629f2af543d0.r2.dev/corpo/49319f99-43f0-45be-9412-91817032ab06,uploaded
4ecbfd2a-737e-405a-a644-2cc4dac8d47d,lhai-chiamata-per-portare-frutto,http://www.ombreeluci.it/wp-content/uploads/2018/04/oel030-019-1024x576.jpg,https://pub-2251dc2142e3492a961f629f2af543d0.r2.dev/corpo/51ba09c9-5b60-497a-864e-e036aaa1771a,uploaded
61d356ad-5888-4ce3-b426-64330895fc4d,corrispondenze-e-zoomate-dalla-russia,https://www.ombreeluci.it/wp-content/uploads/2020/05/Olga_tablet-248x300.jpg,https://pub-2251dc2142e3492a961f629f2af543d0.r2.dev/corpo/fea7b621-de45-4ce4-9ec2-17391286c054,uploaded
720baf37-ed28-42c9-b9c5-aa82f848bcb6,egle-bottega-e-sono-rimasta-la-mia-vita-per-il-centro,http://www.ombreeluci.it/wp-content/uploads/2017/10/oel_n2_EgleBottega2-1024x1024.jpg,https://pub-2251dc2142e3492a961f629f2af543d0.r2.dev/corpo/11f8b1d9-fa59-4cf7-9850-59a5492fde81,uploaded
7c1ffbdd-7047-4659-9ac4-8b21b7bc5b3f,due-fratelli-e-la-brigata-inglese,https://www.ombreeluci.it/wp-content/uploads/2020/05/Creature-Discomforts.jpg,https://pub-2251dc2142e3492a961f629f2af543d0.r2.dev/corpo/ca2af851-52db-49ae-9853-2f13d70a4083,uploaded
7c1ffbdd-7047-4659-9ac4-8b21b7bc5b3f,due-fratelli-e-la-brigata-inglese,https://www.ombreeluci.it/wp-content/uploads/2020/05/Disabled-Disney-princess-small.jpg,https://pub-2251dc2142e3492a961f629f2af543d0.r2.dev/corpo/1a917020-9ed4-4e47-9169-9ddcb898901d,uploaded
7f68191d-1003-4a81-9ea5-fb31c84edf36,un-laboratorio-chiamato-lalveare,http://www.ombreeluci.it/wp-content/uploads/2018/06/oel041-019.jpg,https://pub-2251dc2142e3492a961f629f2af543d0.r2.dev/corpo/e95f98fe-9647-4853-8249-8591f4c3328c,uploaded
82360036-a043-4b8f-bb86-62a5f453a629,la-prima-comunione-di-flaminia-ci-ha-fatto-crescere,http://www.ombreeluci.it/wp-content/uploads/2018/06/oel039-009.jpg,https://pub-2251dc2142e3492a961f629f2af543d0.r2.dev/corpo/b13b3b68-99c2-4da1-9be3-6b9f45442fd5,uploaded
8623bfb0-6da7-4718-aeb9-efca56b18a4a,sensuability,https://www.ombreeluci.it/wp-content/uploads/2020/01/Sensuability-lilly-vagabondo-small.jpg,https://pub-2251dc2142e3492a961f629f2af543d0.r2.dev/corpo/a98181c8-7a92-4f34-947e-a56eb9ed60e1,uploaded
8a95de0d-4a05-43c2-9fd6-798e75ef4a0e,sordo-cecita-conoscere-per-prevenire,http://www.ombreeluci.it/wp-content/uploads/2019/02/oel058-010-1024x1024.jpg,https://pub-2251dc2142e3492a961f629f2af543d0.r2.dev/corpo/7bb4102f-2f2a-47bc-9106-394c255d9ebd,uploaded
8c76e31c-82e8-437d-bf95-1b9bbd1366ea,io-sono-una-come-voi-una-mamma,http://www.ombreeluci.it/wp-content/uploads/1990/12/oel032-015.jpg,https://pub-2251dc2142e3492a961f629f2af543d0.r2.dev/corpo/11fe0edb-5d8e-429e-bed2-20d99d419d49,uploaded
8c93f90f-13cc-4b64-a216-b1d5ed15019b,roberta,http://www.ombreeluci.it/wp-content/uploads/2018/06/oel038-014A.jpg,https://pub-2251dc2142e3492a961f629f2af543d0.r2.dev/corpo/aff75ef5-f008-425e-954c-641f69050061,uploaded
8c93f90f-13cc-4b64-a216-b1d5ed15019b,roberta,http://www.ombreeluci.it/wp-content/uploads/2018/06/oel038-014.jpg,https://pub-2251dc2142e3492a961f629f2af543d0.r2.dev/corpo/2272e591-92e5-4797-b364-8d2a9ca7b719,uploaded
8f4b037e-45a2-48c2-b1f9-7546b12eb2e2,a-tavolaaaa,http://www.ombreeluci.it/wp-content/uploads/2019/09/oel066-022-1024x683.jpg,https://pub-2251dc2142e3492a961f629f2af543d0.r2.dev/corpo/51445a90-c308-4480-af9e-28bd04981e48,uploaded
8f4b037e-45a2-48c2-b1f9-7546b12eb2e2,a-tavolaaaa,http://www.ombreeluci.it/wp-content/uploads/2019/09/oel066-023-1024x683.jpg,https://pub-2251dc2142e3492a961f629f2af543d0.r2.dev/corpo/a52bd8e8-4101-4c11-8a1f-735ff1253ed3,uploaded
8f4b037e-45a2-48c2-b1f9-7546b12eb2e2,a-tavolaaaa,http://www.ombreeluci.it/wp-content/uploads/2019/09/oel066-024-1024x682.jpg,https://pub-2251dc2142e3492a961f629f2af543d0.r2.dev/corpo/bd64abb1-f20e-4cd0-80b4-33b7a435a06c,uploaded
9c962c25-47d1-4f19-80d0-fde0cf1c05fa,la-lezione-di-un-clown-miloud-oukili,https://www.ombreeluci.it/wp-content/uploads/2020/09/oel-76-06b-1024x576.jpg,https://pub-2251dc2142e3492a961f629f2af543d0.r2.dev/corpo/f5c2acf5-800c-4f6b-bad5-fe2e09c5e9be,uploaded
a6455965-a0e9-4a57-88a1-a618d7824de8,vita-fede-e-luci-n-45,http://www.ombreeluci.it/wp-content/uploads/2018/08/oel45-026A.jpg,https://pub-2251dc2142e3492a961f629f2af543d0.r2.dev/corpo/404cfcc3-c67a-4093-82df-a9408c5e59a3,uploaded
b049aedc-7c41-4a2a-a7b1-1a1553e2e7bf,lelia,http://www.ombreeluci.it/wp-content/uploads/2018/06/oel038-007.jpg,https://pub-2251dc2142e3492a961f629f2af543d0.r2.dev/corpo/51a2518a-507d-4fbb-a0a0-2d124bbae3c8,uploaded
b0eb072f-5508-4f67-90b2-43dc2900a26f,siamo-venuti-ad-assisi-per,http://www.ombreeluci.it/wp-content/uploads/2018/01/oel14-siamo-venuti-ad-asissi-perche-01.jpg,https://pub-2251dc2142e3492a961f629f2af543d0.r2.dev/corpo/0ca04494-7b3f-4121-9c66-b1654e981edb,uploaded
b0eb072f-5508-4f67-90b2-43dc2900a26f,siamo-venuti-ad-assisi-per,http://www.ombreeluci.it/wp-content/uploads/2018/01/oel14-siamo-venuti-ad-asissi-perche-02-1024x576.jpg,https://pub-2251dc2142e3492a961f629f2af543d0.r2.dev/corpo/352d89ae-93f2-42d3-a2f8-d66024360d47,uploaded
b0eb072f-5508-4f67-90b2-43dc2900a26f,siamo-venuti-ad-assisi-per,http://www.ombreeluci.it/wp-content/uploads/2018/01/oel14-siamo-venuti-ad-asissi-perche-03-1024x602.jpg,https://pub-2251dc2142e3492a961f629f2af543d0.r2.dev/corpo/a31c6983-9a1c-4dd5-8d7a-731e0d5931cd,uploaded
b0eb072f-5508-4f67-90b2-43dc2900a26f,siamo-venuti-ad-assisi-per,http://www.ombreeluci.it/wp-content/uploads/2018/01/oel14-siamo-venuti-ad-asissi-perche-04-1024x573.jpg,https://pub-2251dc2142e3492a961f629f2af543d0.r2.dev/corpo/69c76362-cacc-464c-ae25-fe982bb98087,uploaded
b0eb072f-5508-4f67-90b2-43dc2900a26f,siamo-venuti-ad-assisi-per,http://www.ombreeluci.it/wp-content/uploads/2018/01/oel14-siamo-venuti-ad-asissi-perche-05-1024x591.jpg,https://pub-2251dc2142e3492a961f629f2af543d0.r2.dev/corpo/90c5aa4c-cdea-4d13-a69a-76e93adabbcd,uploaded
b2a3e60c-79a2-4f5f-beb5-67b6edb1af04,noi-quattro-la-comunita-il-roveto,https://www.ombreeluci.it/wp-content/uploads/2020/09/oel-76-16b-1024x576.jpg,https://pub-2251dc2142e3492a961f629f2af543d0.r2.dev/corpo/16ec36cb-2396-4af5-b972-8b547ebc1fef,uploaded
b6013643-d2a5-42f9-b2d6-8297bafb1838,come-essere-amici,http://www.ombreeluci.it/wp-content/uploads/2018/06/oel038-022.jpg,https://pub-2251dc2142e3492a961f629f2af543d0.r2.dev/corpo/80873a37-e2cb-4840-95ce-4f70099d62f1,uploaded
b9768b2a-8472-442f-bba7-fc1656ee4934,la-locanda-dei-girasoli,https://www.ombreeluci.it/wp-content/uploads/2020/09/locanda-il-girasole-1024x576.jpg,https://pub-2251dc2142e3492a961f629f2af543d0.r2.dev/corpo/e2ee2388-06b0-426d-a3cc-412fc29016d4,uploaded
bf7247e6-8e33-417f-8e68-68a1e8a7cefb,centro-di-solidarieta-don-lorenzo-milani,https://www.ombreeluci.it/wp-content/uploads/2020/09/oel-76-23-1024x576.jpg,https://pub-2251dc2142e3492a961f629f2af543d0.r2.dev/corpo/1ce59d10-2d1d-4ffb-aba4-efadcef112ff,uploaded
bf7247e6-8e33-417f-8e68-68a1e8a7cefb,centro-di-solidarieta-don-lorenzo-milani,https://www.ombreeluci.it/wp-content/uploads/2020/09/oel-76-20b.jpg,https://pub-2251dc2142e3492a961f629f2af543d0.r2.dev/corpo/d76f677c-f3e6-41fe-b1b0-c40f221f1e42,uploaded
bf7247e6-8e33-417f-8e68-68a1e8a7cefb,centro-di-solidarieta-don-lorenzo-milani,https://www.ombreeluci.it/wp-content/uploads/2020/09/oel-76-20a.jpg,https://pub-2251dc2142e3492a961f629f2af543d0.r2.dev/corpo/2342440d-30fa-4369-b34e-640b8e0c46c6,uploaded
c8c38aff-46ca-4fc2-90b5-b4c1f476858a,il-mio-amico-carlo,https://www.ombreeluci.it/wp-content/uploads/2020/10/014-Il-mio-amico-Carlo-Ombre-e-Luci-n.74-2001-1024x576.jpg,https://pub-2251dc2142e3492a961f629f2af543d0.r2.dev/corpo/aea8c4e5-f0cb-44f0-b804-e7317555aee6,uploaded
c8c38aff-46ca-4fc2-90b5-b4c1f476858a,il-mio-amico-carlo,https://www.ombreeluci.it/wp-content/uploads/2020/10/016-Il-mio-amico-Carlo-Ombre-e-Luci-n.74-2001-1024x576.jpg,https://pub-2251dc2142e3492a961f629f2af543d0.r2.dev/corpo/b08d4e1b-58c2-403d-8340-7ff16091f07b,uploaded
cb7e1734-a596-48c8-814f-4b1cd734a511,villaggio-senza-barriere-un-luogo-di-accoglienza-insolito,https://www.ombreeluci.it/wp-content/uploads/2000/03/oel069-017B.jpg,https://pub-2251dc2142e3492a961f629f2af543d0.r2.dev/corpo/25392ba2-b736-4745-878a-28664ebcbdc1,uploaded
cc24bcb0-3b77-4aa9-b85b-f49be876936a,vita-fede-luce-64,https://www.ombreeluci.it/wp-content/uploads/2019/07/oel064-026b.jpg,https://pub-2251dc2142e3492a961f629f2af543d0.r2.dev/corpo/b0fbcc4d-c7db-490d-8d79-ab19f167485d,uploaded
cfdb7423-628d-4fdb-8092-99b3fd6e1d2b,dare-loro-una-vita-normale,http://www.ombreeluci.it/wp-content/uploads/1993/12/oel044-018.jpg,https://pub-2251dc2142e3492a961f629f2af543d0.r2.dev/corpo/3131e8d1-1b68-4e4a-9b5d-aa723fca5ab0,uploaded
cfdb7423-628d-4fdb-8092-99b3fd6e1d2b,dare-loro-una-vita-normale,http://www.ombreeluci.it/wp-content/uploads/1993/12/oel044-019.jpg,https://pub-2251dc2142e3492a961f629f2af543d0.r2.dev/corpo/13ba27d7-810b-4ffe-a578-dc31ab420be5,uploaded
cfdb7423-628d-4fdb-8092-99b3fd6e1d2b,dare-loro-una-vita-normale,http://www.ombreeluci.it/wp-content/uploads/1993/12/oel044-020.jpg,https://pub-2251dc2142e3492a961f629f2af543d0.r2.dev/corpo/b425e409-260b-489f-9203-30756fbfd47b,uploaded
d2edf4f7-6a0d-4dd2-bfce-bbaa19c766b2,la-storia-di-souhour-rifugiata-e-disabile-accolta-da-una-famiglia-libanese,http://www.ombreeluci.it/wp-content/uploads/2018/06/Libano-rifugiati.jpg,https://pub-2251dc2142e3492a961f629f2af543d0.r2.dev/corpo/38f1fd10-b2dc-4b13-b700-fa7bf6bbe5a4,uploaded
d75c9796-7acd-45f2-9d9b-2ab85c7ddf16,arriva-italia-carolines-cart-carrello-la-spesa-le-persone-disabilita,http://www.ombreeluci.it/wp-content/uploads/2018/03/Drewe-Ann-Long-Caroline-Cart-300x200.jpg,https://pub-2251dc2142e3492a961f629f2af543d0.r2.dev/corpo/ebf517d1-ce55-46dd-afbc-a5526029bad0,uploaded
dae6a6f8-a9f3-41f9-866c-53b019f439e5,a-proposito-di-sentimenti-parliamo-del-film-di-daniele-segre-con-alcune-mamme-e-sorelle-di-ragazzi-down,https://www.ombreeluci.it/wp-content/uploads/2020/03/oel069-015A-1024x576.jpg,https://pub-2251dc2142e3492a961f629f2af543d0.r2.dev/corpo/4ff6a4e8-6ed9-43ee-8d24-67af68f9b1cc,uploaded
dae6a6f8-a9f3-41f9-866c-53b019f439e5,a-proposito-di-sentimenti-parliamo-del-film-di-daniele-segre-con-alcune-mamme-e-sorelle-di-ragazzi-down,https://www.ombreeluci.it/wp-content/uploads/2020/03/oel069-015-1024x577.jpg,https://pub-2251dc2142e3492a961f629f2af543d0.r2.dev/corpo/f9772b74-5d13-447d-b9f7-1e1b6ed0f1a5,uploaded
dcc9c901-f5b2-4c54-a21b-83bc85ce1179,dedicato-ai-bambini-carlo,http://www.ombreeluci.it/wp-content/uploads/2019/04/oel060-016-1024x576.jpg,https://pub-2251dc2142e3492a961f629f2af543d0.r2.dev/corpo/4eac3345-84ca-477a-9605-1735842942ff,uploaded
e2d998ba-4dd8-4c49-8906-3d8724145a1a,a-scuola-con-chicco-in-braccio,http://www.ombreeluci.it/wp-content/uploads/2018/08/oel045-008.jpg,https://pub-2251dc2142e3492a961f629f2af543d0.r2.dev/corpo/b34f3fc3-daf7-463e-8cfe-6b4d11fe5b48,uploaded
ebac0af0-6459-4120-9100-7e2caf006d9e,la-fede-si-vive-cosi-si-impara,http://www.ombreeluci.it/wp-content/uploads/1993/12/oel044-013.jpg,https://pub-2251dc2142e3492a961f629f2af543d0.r2.dev/corpo/0a2698fb-c9b2-4d9d-a676-2e70b42a8c94,uploaded
ebac0af0-6459-4120-9100-7e2caf006d9e,la-fede-si-vive-cosi-si-impara,http://www.ombreeluci.it/wp-content/uploads/1993/12/oel044-020.jpg,https://pub-2251dc2142e3492a961f629f2af543d0.r2.dev/corpo/b425e409-260b-489f-9203-30756fbfd47b,cached
ebac0af0-6459-4120-9100-7e2caf006d9e,la-fede-si-vive-cosi-si-impara,http://www.ombreeluci.it/wp-content/uploads/1993/12/oel044-014.jpg,https://pub-2251dc2142e3492a961f629f2af543d0.r2.dev/corpo/3560ec86-7e3f-4a86-9870-160e4ab80c45,uploaded
ee26909c-a557-40ba-9442-55e1ae9f4684,sulla-barca-in-piazza-san-pietro,https://www.ombreeluci.it/wp-content/uploads/2020/04/Logo-FL-originale-300x143.jpg,https://pub-2251dc2142e3492a961f629f2af543d0.r2.dev/corpo/7dbf3966-bbca-4e70-9c37-e4d078f3f04e,uploaded
f5e5ada1-2bc0-40c5-a064-046bcc333e46,florent-nella-scuola-italiana,http://www.ombreeluci.it/wp-content/uploads/1993/12/oel044-007.jpg,https://pub-2251dc2142e3492a961f629f2af543d0.r2.dev/corpo/6c61b6f9-f7e4-485c-850c-1b3c6608c4b4,uploaded
fc97805c-9d92-4d04-8345-862724c3500b,un-tempo-per-parlare-e-un-tempo-per-tacere,https://www.ombreeluci.it/wp-content/uploads/2020/07/Francesco.jpeg,https://pub-2251dc2142e3492a961f629f2af543d0.r2.dev/corpo/e36db51e-2528-4f8a-9311-0187ec8640eb,uploaded
034a313a-c7f2-4e11-9b5d-42f3891571e0,dialogo-aperto-n-159,https://www.ombreeluci.it/wp-content/uploads/2023/08/Flora-Copricostumi.jpg,https://pub-2251dc2142e3492a961f629f2af543d0.r2.dev/corpo/42adccd6-bdd1-45d4-9744-c1d8505c8cea,uploaded
04674796-8ac6-4500-a16a-c08cd0161d31,la-quadriglia-istruzioni-per-luso,https://www.ombreeluci.it/wp-content/uploads/2021/05/quadriglia1.jpg,https://pub-2251dc2142e3492a961f629f2af543d0.r2.dev/corpo/e0522501-b9ff-4cfd-891e-5708d48b3be3,uploaded
04674796-8ac6-4500-a16a-c08cd0161d31,la-quadriglia-istruzioni-per-luso,https://www.ombreeluci.it/wp-content/uploads/2021/05/quadriglia3.jpg,https://pub-2251dc2142e3492a961f629f2af543d0.r2.dev/corpo/115a5d3b-3789-4f17-8760-050573b6e841,uploaded
04674796-8ac6-4500-a16a-c08cd0161d31,la-quadriglia-istruzioni-per-luso,https://www.ombreeluci.it/wp-content/uploads/2021/05/quadriglia2-300x269.jpg,https://pub-2251dc2142e3492a961f629f2af543d0.r2.dev/corpo/fa4bf328-d1ad-4f16-8b49-2138c5ccbcbf,uploaded
07d7a7c3-7cda-43dd-a10e-f77c67f13da5,il-ciclo-e-la-macchinetta-a-scuola,https://www.ombreeluci.it/wp-content/uploads/2023/08/WhatsApp-Image-2023-08-24-at-11.20.58-1-min-576x1024.jpeg,https://pub-2251dc2142e3492a961f629f2af543d0.r2.dev/corpo/b0a178e1-ae7f-4d0a-8776-478dcd117e18,uploaded
0ed7c3b7-9868-4128-bd78-6f3e5afe7459,il-parco-dei-frutti-dimenticati-associazione-il-muschio,https://www.ombreeluci.it/wp-content/uploads/2021/06/00-19-Ombre-e-Luci-n.-79-2002-1024x869.jpg,https://pub-2251dc2142e3492a961f629f2af543d0.r2.dev/corpo/032d6b24-59d9-4083-a41c-b9aafb404535,uploaded
1f35b790-f44b-4764-9376-d4526946ece1,bambini-e-autismo-mosaico-della-pace,https://www.ombreeluci.it/wp-content/uploads/2022/10/9-1024x576.jpg,https://pub-2251dc2142e3492a961f629f2af543d0.r2.dev/corpo/fd113a93-02e8-4a3d-a2d1-3c5ac8353116,uploaded
270dd2e4-ae61-40f9-929d-76df86f1aac8,in-diretta-da-locarno,https://www.ombreeluci.it/wp-content/uploads/2022/08/Locarno-panel-disabilita-Emmanuel-Kelly-1024x682.jpg,https://pub-2251dc2142e3492a961f629f2af543d0.r2.dev/corpo/802caa8d-86c3-4005-9513-b0ac8bc0d248,uploaded
36afd46f-1fd3-4e32-915b-6e9fd4f9e874,ragazze-fragili,https://www.ombreeluci.it/wp-content/uploads/2023/07/Presine-Agata.jpg,https://pub-2251dc2142e3492a961f629f2af543d0.r2.dev/corpo/980239c4-ba2f-4f0b-aba0-00531a854e50,uploaded
3c61e89f-0135-44d4-8400-370e802ecaee,rimpadronirsi-del-proprio-corpo,https://www.ombreeluci.it/wp-content/uploads/2022/08/Big-Bang_1©2022-Les-Valseurs-O-sopro-do-tempo-1024x576.jpg,,download_error:'ascii' codec can't encode character '\xa9' in position 42: ordinal not in range(128)
3e2cd66e-8250-42c2-a268-ca7d4f686151,il-mio-primo-giro-in-bici,https://www.ombreeluci.it/wp-content/uploads/2024/07/PXL_20240525_103801597.MP-min-scaled.jpg,https://pub-2251dc2142e3492a961f629f2af543d0.r2.dev/corpo/20424427-e185-437c-b0c6-77a4eb99f014,uploaded
406aa630-fda9-4847-a83b-812c92e31e16,festa-al-quirinale,https://www.ombreeluci.it/wp-content/uploads/2022/09/Giorgia-Landucci.jpg,https://pub-2251dc2142e3492a961f629f2af543d0.r2.dev/corpo/bbd0b76e-1ca0-434c-bb14-9a101dee13e4,uploaded
406aa630-fda9-4847-a83b-812c92e31e16,festa-al-quirinale,https://www.ombreeluci.it/wp-content/uploads/2022/09/2giugno2022FL-1024x576.jpg,https://pub-2251dc2142e3492a961f629f2af543d0.r2.dev/corpo/4babf334-d959-4afb-a4ac-02e9b84f8b59,uploaded
406aa630-fda9-4847-a83b-812c92e31e16,festa-al-quirinale,https://www.ombreeluci.it/wp-content/uploads/2022/09/Giovanni-Grossi-2-giugno-1024x576.jpg,https://pub-2251dc2142e3492a961f629f2af543d0.r2.dev/corpo/55a4702a-2880-4283-a380-665b9d8eb9d2,uploaded
44f47b04-ccb4-41b7-ba67-04aa892a8ec5,un-cortometraggio-e-una-serie-a-chiudere-la-festa-del-cinema-di-roma,https://www.ombreeluci.it/wp-content/uploads/2023/10/mare-fuori-4.jpg,https://pub-2251dc2142e3492a961f629f2af543d0.r2.dev/corpo/5b677649-ffe6-4271-b7f4-e7fa61449113,uploaded
52067008-c73e-4dbb-9f07-6d92133b3a2f,gruppo-di-gruppi,https://www.ombreeluci.it/wp-content/uploads/2023/07/Progetto-sud-MISCITA_BRIGATA_VILLELLA.jpg,https://pub-2251dc2142e3492a961f629f2af543d0.r2.dev/corpo/bf5c6169-3a66-42e7-95f7-8f42ff4f61bd,uploaded
52067008-c73e-4dbb-9f07-6d92133b3a2f,gruppo-di-gruppi,https://www.ombreeluci.it/wp-content/uploads/2023/07/Panizza.jpeg,https://pub-2251dc2142e3492a961f629f2af543d0.r2.dev/corpo/4a5aa806-e66d-4228-b135-dcd9cd03ac35,uploaded
52e0b853-2a87-46c6-9b09-576929358160,dietro-le-quinte-di-unassunzione,https://www.ombreeluci.it/wp-content/uploads/2021/09/Silvia-e-Debora.jpg,https://pub-2251dc2142e3492a961f629f2af543d0.r2.dev/corpo/d8aa2ada-17cb-473d-bd1d-a724d0d8b438,uploaded
55fa86ba-1f55-4202-9079-8a8f31608cf6,dallincontro-tra-zenia-e-borys,https://www.ombreeluci.it/wp-content/uploads/2023/07/Emmaus-2.jpg,https://pub-2251dc2142e3492a961f629f2af543d0.r2.dev/corpo/2968e9f8-0cf8-4470-be00-81cc153f0d16,uploaded
5aef571b-61f7-4cad-b733-aaf4300e0278,love-life-recensione,https://www.ombreeluci.it/wp-content/uploads/2022/09/Love-Life-poster-717x1024.jpg,https://pub-2251dc2142e3492a961f629f2af543d0.r2.dev/corpo/d8c4352d-8d66-4581-ac20-324f0e18ad31,uploaded
61ce029d-e2c6-45f7-b9b2-7b1ab5ce6139,intervista-a-matteo-mazzarotto-e-ivana-perri,https://www.ombreeluci.it/wp-content/uploads/2021/11/Ivana-e-Matteo-don-luigi-1024x768.jpeg,https://pub-2251dc2142e3492a961f629f2af543d0.r2.dev/corpo/fc73d6b7-0620-4807-b7ba-0b0cb18b3666,uploaded
61ce029d-e2c6-45f7-b9b2-7b1ab5ce6139,intervista-a-matteo-mazzarotto-e-ivana-perri,https://www.ombreeluci.it/wp-content/uploads/2021/11/Merito-Repubblica-Carro.jpg,https://pub-2251dc2142e3492a961f629f2af543d0.r2.dev/corpo/2d7e8e22-162a-460e-92a0-f8604d1283f7,uploaded
61ce029d-e2c6-45f7-b9b2-7b1ab5ce6139,intervista-a-matteo-mazzarotto-e-ivana-perri,https://www.ombreeluci.it/wp-content/uploads/2021/11/Carro_25anni_2015-1024x678.jpg,https://pub-2251dc2142e3492a961f629f2af543d0.r2.dev/corpo/45cf5a7c-cfc3-457c-87f1-97e5b298ee98,uploaded
61ce029d-e2c6-45f7-b9b2-7b1ab5ce6139,intervista-a-matteo-mazzarotto-e-ivana-perri,https://www.ombreeluci.it/wp-content/uploads/2021/11/Carro-1a-festa-1.jpg,https://pub-2251dc2142e3492a961f629f2af543d0.r2.dev/corpo/63d762bd-57d8-4602-8ced-7a3a2ce2bfc9,uploaded
6251b7d8-f517-43ee-9c7d-8592858b30a8,nuotando-con-amore,https://www.ombreeluci.it/wp-content/uploads/2024/07/Antonietta-staffetta-2.jpg,https://pub-2251dc2142e3492a961f629f2af543d0.r2.dev/corpo/cfbbfc44-58c8-4245-a1e0-f3f340a4ec5a,uploaded
6251b7d8-f517-43ee-9c7d-8592858b30a8,nuotando-con-amore,https://www.ombreeluci.it/wp-content/uploads/2024/07/Locandina-Staffetta-AISM-Pietralata.jpg,https://pub-2251dc2142e3492a961f629f2af543d0.r2.dev/corpo/e8ef7058-f3f4-4bcd-8f9c-66d9e6750c64,uploaded
67be183e-2e78-4640-b3cb-3b3932eecabd,e-iniziata-la-scuola-ma-la-situazione-non-e-chiara,https://www.ombreeluci.it/wp-content/uploads/2021/09/Compagni-benedetta.jpg,https://pub-2251dc2142e3492a961f629f2af543d0.r2.dev/corpo/ec64771a-71ff-4e12-a0b1-021c4237ff6e,uploaded
6a43db31-1e0f-40c2-b7a4-f0362a86adde,mia-figlia-adea-cresima,https://www.ombreeluci.it/wp-content/uploads/2022/02/Adea-cresima-4.jpg,https://pub-2251dc2142e3492a961f629f2af543d0.r2.dev/corpo/684fcf05-8554-49b3-8c01-1fcb412e00ce,uploaded
6a43db31-1e0f-40c2-b7a4-f0362a86adde,mia-figlia-adea-cresima,https://www.ombreeluci.it/wp-content/uploads/2022/02/Adea-cresima-3.jpg,https://pub-2251dc2142e3492a961f629f2af543d0.r2.dev/corpo/641bce58-c59d-44cf-880c-ce06a8615011,uploaded
6a43db31-1e0f-40c2-b7a4-f0362a86adde,mia-figlia-adea-cresima,https://www.ombreeluci.it/wp-content/uploads/2022/02/Adea-cresima-2.jpg,https://pub-2251dc2142e3492a961f629f2af543d0.r2.dev/corpo/9b3bb567-948d-405b-a02f-71362e3beb5d,uploaded
6b816a9d-e0aa-4d32-b86f-6ed821c6a217,con-i-tre-fratelli,https://www.ombreeluci.it/wp-content/uploads/2023/08/Formazione-Fede-e-Luce-Torreglia-2023.jpg,https://pub-2251dc2142e3492a961f629f2af543d0.r2.dev/corpo/1fb00759-e631-40ec-b47e-46763798efb6,uploaded
6b816a9d-e0aa-4d32-b86f-6ed821c6a217,con-i-tre-fratelli,https://www.ombreeluci.it/wp-content/uploads/2023/08/Formazione-Fede-e-Luce-Torreglia-2023-01.jpg,https://pub-2251dc2142e3492a961f629f2af543d0.r2.dev/corpo/570c0fde-1178-412b-b163-ee3e2cf5fae8,uploaded
6b816a9d-e0aa-4d32-b86f-6ed821c6a217,con-i-tre-fratelli,https://www.ombreeluci.it/wp-content/uploads/2023/08/Formazione-Fede-e-Luce-Torreglia-2023-02.jpg,https://pub-2251dc2142e3492a961f629f2af543d0.r2.dev/corpo/89b107dc-2478-4ad8-b20c-e5ac958083b5,uploaded
6c39a0ca-3a37-43fa-a946-4858adba8710,quando-ho-bussato-alla-porta-di-lyns-house,https://www.ombreeluci.it/wp-content/uploads/2023/07/Lyns-House-2.jpg,https://pub-2251dc2142e3492a961f629f2af543d0.r2.dev/corpo/a09fa57a-9d52-4f54-8e1a-4163bbab6a70,uploaded
72552584-a77b-421e-b11c-568b85d60126,recensione-te-lavevo-detto-la-storia,https://www.ombreeluci.it/wp-content/uploads/2023/10/la-storia-rai.webp,https://pub-2251dc2142e3492a961f629f2af543d0.r2.dev/corpo/46b67982-ad70-4cd5-8906-cdd55462ffa8,uploaded
7403c3be-1c5b-4aa4-9c75-caea4a3ffcb9,invertire-addendi-tandem,https://www.ombreeluci.it/wp-content/uploads/2023/01/Edoardo-e-Umberto-Hugbike.jpg,https://pub-2251dc2142e3492a961f629f2af543d0.r2.dev/corpo/a694d770-d18a-4cf8-a992-18510c4c40fa,uploaded
77c1c5b6-e063-4ea0-a359-b361408be0f5,paola-e-venuta-ad-abitare-con-noi-comunita-nicodemo,https://www.ombreeluci.it/wp-content/uploads/2020/10/022-Ombre-e-Luci-n.75-2002-1024x576.jpg,https://pub-2251dc2142e3492a961f629f2af543d0.r2.dev/corpo/8365ff36-eeaf-4e03-86b9-71c224bc6da3,uploaded
7b2c69e3-dff9-4242-9851-0a84681823f3,e-se-essere-sordi-fosse-un-superpotere,https://www.ombreeluci.it/wp-content/uploads/2022/06/Cece-Bell.jpg,https://pub-2251dc2142e3492a961f629f2af543d0.r2.dev/corpo/080a6f16-36f5-4053-b70a-679793b518d3,uploaded
84007723-f92c-4e72-b258-fbde4ccf9e67,la-bellezza-nella-mente-recensione,https://www.ombreeluci.it/wp-content/uploads/2021/06/La-bellezza-nella-mente-Gronchi.jpg,https://pub-2251dc2142e3492a961f629f2af543d0.r2.dev/corpo/b5e2d93d-fd41-4f1a-b9f7-be38dd78a874,uploaded
84007723-f92c-4e72-b258-fbde4ccf9e67,la-bellezza-nella-mente-recensione,https://www.ombreeluci.it/wp-content/uploads/2021/06/La-bellezza-nella-mente-Gronchi-2.jpg,https://pub-2251dc2142e3492a961f629f2af543d0.r2.dev/corpo/84f7e1a6-d566-45a9-9d0d-a43266b40a84,uploaded
8b3d635a-f1c4-42ac-93ac-67861eeab060,campi-di-giochi,https://www.ombreeluci.it/wp-content/uploads/2023/08/OL-giochi-1.jpg,https://pub-2251dc2142e3492a961f629f2af543d0.r2.dev/corpo/95ea4902-748a-47dc-a879-0bdaaa41a39a,uploaded
8b3d635a-f1c4-42ac-93ac-67861eeab060,campi-di-giochi,https://www.ombreeluci.it/wp-content/uploads/2023/08/OL-giochi-4.jpg,https://pub-2251dc2142e3492a961f629f2af543d0.r2.dev/corpo/26983e15-c2be-43f5-b7eb-7d2de313b9cc,uploaded
8b3d635a-f1c4-42ac-93ac-67861eeab060,campi-di-giochi,https://www.ombreeluci.it/wp-content/uploads/2023/08/OL-giochi-3.jpg,https://pub-2251dc2142e3492a961f629f2af543d0.r2.dev/corpo/fa443130-8bdf-457a-80b8-357ddee93d56,uploaded
8b3d635a-f1c4-42ac-93ac-67861eeab060,campi-di-giochi,https://www.ombreeluci.it/wp-content/uploads/2023/08/OL-giochi-2.jpg,https://pub-2251dc2142e3492a961f629f2af543d0.r2.dev/corpo/b8111ef1-6009-424f-8bfb-b7419ff00bdc,uploaded
8f5ec9a6-2686-44f7-a2f5-6e3b26495fe1,la-nostra-casa-baskin,https://www.ombreeluci.it/wp-content/uploads/2017/11/Baskin-1-Ombre-e-Luci-n.139-2017-1024x576.webp,https://pub-2251dc2142e3492a961f629f2af543d0.r2.dev/corpo/3fe93d1f-5eb0-431f-8e3f-4e5a39900a2f,uploaded
965f9683-e47e-41d5-a223-6040df70e7e4,mai-piu-soli,https://www.ombreeluci.it/wp-content/uploads/2020/06/oel073-005-1024x577.jpg,https://pub-2251dc2142e3492a961f629f2af543d0.r2.dev/corpo/29b56393-f25c-41aa-9812-c6c0b01f866e,uploaded
b61f3b13-2a9e-4287-bc07-460b88e94fe3,nel-profondo-della-malattia-una-comunione-e-possibile,https://www.ombreeluci.it/wp-content/uploads/2011/12/Chantal-Dupuis-840x1024.webp,https://pub-2251dc2142e3492a961f629f2af543d0.r2.dev/corpo/04939bca-456e-4d3f-8355-8f25d26f2ef9,uploaded
b9901573-827a-4790-918b-20835c2abf48,dialogo-aperto-n-155,https://www.ombreeluci.it/wp-content/uploads/2023/08/Valentina-Montanari.jpg,https://pub-2251dc2142e3492a961f629f2af543d0.r2.dev/corpo/34e76f0d-8192-4b22-b22e-63a6b5b8eab7,uploaded
b9901573-827a-4790-918b-20835c2abf48,dialogo-aperto-n-155,https://www.ombreeluci.it/wp-content/uploads/2023/08/Disegni-Carrozzabile-1024x1024.jpg,https://pub-2251dc2142e3492a961f629f2af543d0.r2.dev/corpo/185ed55e-a3cb-476e-af17-a3d6d77beb4a,uploaded
bdebdfca-25cd-4038-aef3-79749b83e018,venice-impressive-la-sezione-in-realta-virtuale-della-biennale,https://www.ombreeluci.it/wp-content/uploads/2023/09/venice-immersive.jpeg,https://pub-2251dc2142e3492a961f629f2af543d0.r2.dev/corpo/e5528d06-5bc8-4576-af70-694b80718bc9,uploaded
c0b00a82-193e-4161-b2bf-4706af9c914c,dialogo-aperto-n-158,https://www.ombreeluci.it/wp-content/uploads/2022/05/Arianna-Laurea.jpg,https://pub-2251dc2142e3492a961f629f2af543d0.r2.dev/corpo/a5003a2e-157e-43e4-a034-da57be95b7c5,uploaded
c0b00a82-193e-4161-b2bf-4706af9c914c,dialogo-aperto-n-158,https://www.ombreeluci.it/wp-content/uploads/2022/05/Gabriella-Buongiorno-Sede.jpg,https://pub-2251dc2142e3492a961f629f2af543d0.r2.dev/corpo/a0cc0ed6-2912-484e-a03c-2171243e9a3d,uploaded
c1c4a188-8f4f-4c40-8960-50adfd22367f,cronache-da-venezia-78,https://www.ombreeluci.it/wp-content/uploads/2021/09/Madres-Paralelas-1024x554.jpg,https://pub-2251dc2142e3492a961f629f2af543d0.r2.dev/corpo/4b87fbed-cb28-450c-85f0-2d2b0383ec8f,uploaded
c1c4a188-8f4f-4c40-8960-50adfd22367f,cronache-da-venezia-78,https://www.ombreeluci.it/wp-content/uploads/2021/09/Cenzorka-1024x576.jpg,https://pub-2251dc2142e3492a961f629f2af543d0.r2.dev/corpo/466801df-c40e-4ea7-9ca1-37eec6e60ec9,uploaded
c1c4a188-8f4f-4c40-8960-50adfd22367f,cronache-da-venezia-78,https://www.ombreeluci.it/wp-content/uploads/2021/09/Freaks-out-1024x576.jpg,https://pub-2251dc2142e3492a961f629f2af543d0.r2.dev/corpo/309b0245-c67b-440e-9b96-741ce6d14b61,uploaded
c622c126-dff4-4d11-89d2-c718465cb500,fotografie-da-chernobyl-allafghanistan,https://www.ombreeluci.it/wp-content/uploads/2022/07/My-sunny-maad.jpg,https://pub-2251dc2142e3492a961f629f2af543d0.r2.dev/corpo/bdeb48d4-765d-425b-989f-700508786ceb,uploaded
c8f02ca9-74b7-48fb-b77e-979b6e82c2c4,mia-madre,https://www.ombreeluci.it/wp-content/uploads/2013/09/Spigolon-2.jpg,https://pub-2251dc2142e3492a961f629f2af543d0.r2.dev/corpo/d6718403-7fc2-4562-be30-f31716d48d74,uploaded
c921a574-f897-44c1-a0bc-871f599b6f46,la-barca-bianca-di-joseph-larsen,https://www.ombreeluci.it/wp-content/uploads/2022/09/15-1.jpg,https://pub-2251dc2142e3492a961f629f2af543d0.r2.dev/corpo/d7371c92-9be7-4df5-924b-67c31ad0d5fc,uploaded
c921a574-f897-44c1-a0bc-871f599b6f46,la-barca-bianca-di-joseph-larsen,https://www.ombreeluci.it/wp-content/uploads/2022/09/16-1.jpg,https://pub-2251dc2142e3492a961f629f2af543d0.r2.dev/corpo/b5b6ac5e-3a00-4f70-8de4-e2afc8b76b08,uploaded
cecd9d23-1bed-44cd-8d33-1e1f84c62b49,il-mostro-che-ha-mangiato-gerardo,https://www.ombreeluci.it/wp-content/uploads/2021/04/Stefano-Sbrulli-Source-International-04.jpg,https://pub-2251dc2142e3492a961f629f2af543d0.r2.dev/corpo/638e5290-308b-4017-8360-ccd77fcf907f,uploaded
cfa5124a-7788-40ac-96e2-c0b8d804389f,deja-vu-ventanni-dopo-dialogo-aperto-n-160,https://www.ombreeluci.it/wp-content/uploads/2023/02/Conicchioli-web.jpg,https://pub-2251dc2142e3492a961f629f2af543d0.r2.dev/corpo/814adacc-e366-4452-97a4-660cb469ae80,uploaded
ded44df2-0acc-4582-a91f-618eb49e092b,che-strano-uovo,https://www.ombreeluci.it/wp-content/uploads/2020/05/Disabled-Disney-princess-small.jpg,https://pub-2251dc2142e3492a961f629f2af543d0.r2.dev/corpo/1a917020-9ed4-4e47-9169-9ddcb898901d,cached
df49c1bf-bb4d-4119-b4b4-9fe359c9a647,dialogo-aperto-n-121,https://www.ombreeluci.it/wp-content/uploads/2012/12/tanti-amici-Ombre-e-Luci-n.-121-2013-1024x576.webp,https://pub-2251dc2142e3492a961f629f2af543d0.r2.dev/corpo/67d394dd-e16d-4212-a7db-388a167b119f,uploaded
e0c6c491-8202-4833-9ace-24dcd6b877d2,una-messa-su-misura-voluta-dai-genitori-e-amici-di-ragazzi-disabili-mentali,https://www.ombreeluci.it/wp-content/uploads/2021/05/Messa-per-persone-con-disabilità-mentale-2-1024x576.jpg,,download_error:'ascii' codec can't encode character '\u0300' in position 64: ordinal not in range(128)
e0c6c491-8202-4833-9ace-24dcd6b877d2,una-messa-su-misura-voluta-dai-genitori-e-amici-di-ragazzi-disabili-mentali,https://www.ombreeluci.it/wp-content/uploads/2021/05/Messa-per-persone-con-disabilità-mentale-1024x576.jpg,,download_error:'ascii' codec can't encode character '\u0300' in position 64: ordinal not in range(128)
e446ed04-c449-4890-a11d-8901b459869c,il-linguaggio-della-speranza,https://www.ombreeluci.it/wp-content/uploads/2022/05/Loyola-university-Fede-e-Luce-2022-1-1024x768.jpg,https://pub-2251dc2142e3492a961f629f2af543d0.r2.dev/corpo/d2d7ffb5-3024-41b1-b8cb-7982001ea71c,uploaded
e446ed04-c449-4890-a11d-8901b459869c,il-linguaggio-della-speranza,https://www.ombreeluci.it/wp-content/uploads/2022/05/Loyola-university-Fede-e-Luce-2021-1024x738.jpg,https://pub-2251dc2142e3492a961f629f2af543d0.r2.dev/corpo/a4b83474-2a98-42ec-b4da-474298b00615,uploaded
e446ed04-c449-4890-a11d-8901b459869c,il-linguaggio-della-speranza,https://www.ombreeluci.it/wp-content/uploads/2022/05/Loyola-university-Fede-e-Luce-2022.jpg,https://pub-2251dc2142e3492a961f629f2af543d0.r2.dev/corpo/20c9c3b6-b6c3-45b2-bff4-3ec46646061f,uploaded
e446ed04-c449-4890-a11d-8901b459869c,il-linguaggio-della-speranza,https://www.ombreeluci.it/wp-content/uploads/2022/05/Mosaico-di-pace-28-02-2022-1-1024x769.jpg,https://pub-2251dc2142e3492a961f629f2af543d0.r2.dev/corpo/83e5d4a0-9fb3-4f02-b550-cdb43f757894,uploaded
e6c1b3f0-5fb0-4f8a-931b-0179b98a7ef3,imparare-a-sentire-ascoltando-il-mare,https://www.ombreeluci.it/wp-content/uploads/2022/01/Mal-di-mare-3.jpg,https://pub-2251dc2142e3492a961f629f2af543d0.r2.dev/corpo/44727dbd-8ef8-4ed7-9f3f-40155151f517,uploaded
e6c1b3f0-5fb0-4f8a-931b-0179b98a7ef3,imparare-a-sentire-ascoltando-il-mare,https://www.ombreeluci.it/wp-content/uploads/2022/01/Mal-di-mare-4.jpg,https://pub-2251dc2142e3492a961f629f2af543d0.r2.dev/corpo/8432a42b-5079-4983-8543-031a15cff226,uploaded
e6c1b3f0-5fb0-4f8a-931b-0179b98a7ef3,imparare-a-sentire-ascoltando-il-mare,https://www.ombreeluci.it/wp-content/uploads/2022/01/Mal-di-mare-5.jpg,https://pub-2251dc2142e3492a961f629f2af543d0.r2.dev/corpo/d12fb5db-4a30-4b42-ac53-36806193e1c4,uploaded
e6c1b3f0-5fb0-4f8a-931b-0179b98a7ef3,imparare-a-sentire-ascoltando-il-mare,https://www.ombreeluci.it/wp-content/uploads/2022/01/Mal-di-mare-2.jpg,https://pub-2251dc2142e3492a961f629f2af543d0.r2.dev/corpo/f6d51d71-bfb8-40cc-aab7-986def6ae81c,uploaded
ead3120f-9f2c-44b8-bf5f-482051505e6a,c-a-a-comunicazione-aumentativa-alternativa-nel-centro-benedetta-dintino,https://www.ombreeluci.it/wp-content/uploads/2021/09/83-24b-Ombre-e-Luci-n.83-2833.jpg,https://pub-2251dc2142e3492a961f629f2af543d0.r2.dev/corpo/93ea7e55-22a6-4ac1-a554-4274794f530d,uploaded
eaeae110-9fdd-4995-9e81-92fa686070c1,partire-o-restare-la-migrazione-nei-film-di-venezia-80,https://www.ombreeluci.it/wp-content/uploads/2023/09/Zielona-Gronica-1024x576.jpg,https://pub-2251dc2142e3492a961f629f2af543d0.r2.dev/corpo/cd1af060-bb99-4c9f-a21e-46758e943ba3,uploaded
eaeae110-9fdd-4995-9e81-92fa686070c1,partire-o-restare-la-migrazione-nei-film-di-venezia-80,https://www.ombreeluci.it/wp-content/uploads/2023/09/sea-salt.jpg,https://pub-2251dc2142e3492a961f629f2af543d0.r2.dev/corpo/4c93370c-585d-49e5-a226-97b28cc89d91,uploaded
ec9f3b4e-b7b8-4b6c-96de-7d763d9af938,comunita-viaggianti,https://www.ombreeluci.it/wp-content/uploads/2022/03/Sul-sentiero-blu_locandina-210x300.jpg,https://pub-2251dc2142e3492a961f629f2af543d0.r2.dev/corpo/bac91621-3469-4ab9-aaef-31f49cf3fa89,uploaded
f4c21227-147d-4456-9c16-d0140dc166c9,sono-responsabile-di-mio-fratello-disabile,https://www.ombreeluci.it/wp-content/uploads/2009/03/Schermata-2023-02-08-alle-19.04.48-1024x576.webp,https://pub-2251dc2142e3492a961f629f2af543d0.r2.dev/corpo/a4cf6fb6-212f-425f-9ab2-02f4e331b013,uploaded
facb0262-f02a-409d-9c7e-c6124bc06da5,pino-e-conny-sposi,https://www.ombreeluci.it/wp-content/uploads/2023/05/Pino-e-Conny-0-768x1024.jpg,https://pub-2251dc2142e3492a961f629f2af543d0.r2.dev/corpo/7937d2bc-1f34-441d-93d8-1060fb5f1446,uploaded
fe69ea76-6f70-4ccd-b3b4-ecbffdb02f6c,un-libro-interessante-adolescenza-ragazzi-disabili-chi-sarei-se-potessi-esserebozza-automatica,https://www.ombreeluci.it/wp-content/uploads/2021/02/8-Ombre-e-Luci-n.77-22-1024x575.jpg,https://pub-2251dc2142e3492a961f629f2af543d0.r2.dev/corpo/57d9d225-c5fe-4be6-a64b-64bed880c13f,uploaded
068dbdca-7efa-4372-90e6-43d08e31b0ee,storie-di-rinascita-e-solidarieta-in-le-cicogne-di-chernobyl,https://www.ombreeluci.it/wp-content/uploads/2024/03/cicogne-di-chernobyl-locandina.jpeg,https://pub-2251dc2142e3492a961f629f2af543d0.r2.dev/corpo/b7e25783-41f0-4778-86a3-d900ad057826,uploaded
132a106d-229c-4b62-8e00-3142a366769c,torino-film-festival-tre-racconti-veri-si-distinguono-nonostante-la-troppa-attenzione-al-red-carpet,https://www.ombreeluci.it/wp-content/uploads/2026/01/Dolph-Unbreakable.jpg,https://pub-2251dc2142e3492a961f629f2af543d0.r2.dev/corpo/8e6d5fcb-0295-4732-9ccd-539d0245d168,uploaded
132a106d-229c-4b62-8e00-3142a366769c,torino-film-festival-tre-racconti-veri-si-distinguono-nonostante-la-troppa-attenzione-al-red-carpet,https://www.ombreeluci.it/wp-content/uploads/2026/01/H-is-for-hawk.jpg,https://pub-2251dc2142e3492a961f629f2af543d0.r2.dev/corpo/e45e6660-ebf1-4f51-a50d-e9b5ad65dfc9,uploaded
1e3d2edb-b37e-4c2b-978a-8fd01b247dbe,a-birthday-evening-with-friends,https://www.ombreeluci.it/wp-content/uploads/2026/02/Valeria-Antonucci.jpg,https://pub-2251dc2142e3492a961f629f2af543d0.r2.dev/corpo/703c94e4-e5ee-4c28-b4e4-74e7b28552dc,uploaded
21d375d7-34ed-43f5-a3b9-9ef81bc1bfba,storie-dallestremo-oriente,https://www.ombreeluci.it/wp-content/uploads/2023/12/Abang-Adik-200x300.jpg,https://pub-2251dc2142e3492a961f629f2af543d0.r2.dev/corpo/b21370cd-43dc-4eef-81af-1696f2f65d85,uploaded
2c69b78a-3238-41d4-b893-5a5f8c758165,io-che-aspetto-sempre-lalba-non-gli-scout-alla-messa-di-mezzogiorno,https://www.ombreeluci.it/wp-content/uploads/2024/10/Benedetta-Coro-min-576x1024.jpeg,https://pub-2251dc2142e3492a961f629f2af543d0.r2.dev/corpo/42104893-208d-4861-887c-e3af6da60335,uploaded
2c909606-60c0-46a9-af16-45bd7fcf7e49,che-bello-vedere-tanti-giovani,https://www.ombreeluci.it/wp-content/uploads/2025/10/Antonietta-al-campo-Bicoca-2-di-Viterbo.jpeg,https://pub-2251dc2142e3492a961f629f2af543d0.r2.dev/corpo/04f3c338-17b0-4bf3-974c-8a447740c032,uploaded
32ac8257-3d9e-4a41-90d4-cc72e137e385,ci-hanno-scritto-n-20,https://www.ombreeluci.it/wp-content/uploads/1979/03/Messaggio-per-la-morte-di-chicca-Ombre-e-Luci.webp,https://pub-2251dc2142e3492a961f629f2af543d0.r2.dev/corpo/3c63a730-b4fa-41fb-8b24-a8b5451cb6c4,uploaded
33a91f57-1929-4438-9e89-96c1dbfdd558,dialogo-aperto-2,https://www.ombreeluci.it/wp-content/uploads/2025/02/Andrea-Zamperoni-2-209x300.jpg,https://pub-2251dc2142e3492a961f629f2af543d0.r2.dev/corpo/593a61be-bafe-496f-bc62-b01d34bea386,uploaded
40702464-584d-4f84-a859-aa846c81a514,berlinale-74-orso-doro,https://www.ombreeluci.it/wp-content/uploads/2024/02/No-Other-Land-2024-218x300.jpg,https://pub-2251dc2142e3492a961f629f2af543d0.r2.dev/corpo/d3bafb69-bb81-4195-9c66-5a7ef60bfe3c,uploaded
40702464-584d-4f84-a859-aa846c81a514,berlinale-74-orso-doro,https://www.ombreeluci.it/wp-content/uploads/2024/02/From-Hilde-with-Love-Andrea-Dresen-2024.webp,https://pub-2251dc2142e3492a961f629f2af543d0.r2.dev/corpo/7b81651f-83e6-46ef-83e5-fa35583c3170,uploaded
44827c86-5fb5-40fc-8d72-3b53fc3cea1f,dialogo-aperto-letters-n-172,https://www.ombreeluci.it/wp-content/uploads/2026/01/Arianna-Pompei.jpg,https://pub-2251dc2142e3492a961f629f2af543d0.r2.dev/corpo/f368f84d-376f-4e91-b4e0-5e5442dea914,uploaded
44827c86-5fb5-40fc-8d72-3b53fc3cea1f,dialogo-aperto-letters-n-172,https://www.ombreeluci.it/wp-content/uploads/2026/01/Nora-Raul.jpg,https://pub-2251dc2142e3492a961f629f2af543d0.r2.dev/corpo/66f64731-1e30-4271-869d-2e6829d470bc,uploaded
44827c86-5fb5-40fc-8d72-3b53fc3cea1f,dialogo-aperto-letters-n-172,https://www.ombreeluci.it/wp-content/uploads/2026/01/Federico-Fucili-scavi-Pompei.jpg,https://pub-2251dc2142e3492a961f629f2af543d0.r2.dev/corpo/b2a3da28-8c51-41d1-b59c-02bb06393928,uploaded
44827c86-5fb5-40fc-8d72-3b53fc3cea1f,dialogo-aperto-letters-n-172,https://www.ombreeluci.it/wp-content/uploads/2026/01/Pompei-Flora-02.jpg,https://pub-2251dc2142e3492a961f629f2af543d0.r2.dev/corpo/650d7b1c-251f-4968-ae73-aabeb8176970,uploaded
47d67f49-aa27-4783-8a4e-9dc9bd99c675,da-venezia-82-per-la-mostra-del-cinema,https://www.ombreeluci.it/wp-content/uploads/2025/09/if-you-see-a-cat-1024x563.png,https://pub-2251dc2142e3492a961f629f2af543d0.r2.dev/corpo/bff616e8-22fe-4446-9140-42b575c82f4f,uploaded
47d67f49-aa27-4783-8a4e-9dc9bd99c675,da-venezia-82-per-la-mostra-del-cinema,https://www.ombreeluci.it/wp-content/uploads/2025/09/eddie_and_i.jpg,https://pub-2251dc2142e3492a961f629f2af543d0.r2.dev/corpo/7d8a0a79-498a-42b9-afb5-5e6cc8e87e7f,uploaded
47d67f49-aa27-4783-8a4e-9dc9bd99c675,da-venezia-82-per-la-mostra-del-cinema,https://www.ombreeluci.it/wp-content/uploads/2025/09/a_long_goodbye.jpg,https://pub-2251dc2142e3492a961f629f2af543d0.r2.dev/corpo/62b72868-0f15-4bfe-b2c7-54396018c6a5,uploaded
4b3868a5-aa0d-4db7-853d-211e5bd22a36,la-musica-del-mondo,https://www.ombreeluci.it/wp-content/uploads/2023/10/Strasburgo-Marie-e-Maria.jpg,https://pub-2251dc2142e3492a961f629f2af543d0.r2.dev/corpo/63c38b21-3954-44ef-9f29-8e0144a57ec9,uploaded
5153bdd7-80dd-407e-ab37-320c26c0ea48,dialogo-aperto-n-171,https://www.ombreeluci.it/wp-content/uploads/2013/09/Fede-e-Luce-Tutti-a-Leeds-Ombre-e-Luci-n.123-2013-300x169.webp,https://pub-2251dc2142e3492a961f629f2af543d0.r2.dev/corpo/ca7fcc66-9beb-44cb-8802-c56318c0825e,uploaded
54b8362b-9137-44fe-93d0-93d5e06218a3,diagolo-aperto-n-172,https://www.ombreeluci.it/wp-content/uploads/2026/01/Arianna-Pompei.jpg,https://pub-2251dc2142e3492a961f629f2af543d0.r2.dev/corpo/f368f84d-376f-4e91-b4e0-5e5442dea914,cached
54b8362b-9137-44fe-93d0-93d5e06218a3,diagolo-aperto-n-172,https://www.ombreeluci.it/wp-content/uploads/2026/01/Nora-Raul.jpg,https://pub-2251dc2142e3492a961f629f2af543d0.r2.dev/corpo/66f64731-1e30-4271-869d-2e6829d470bc,cached
54b8362b-9137-44fe-93d0-93d5e06218a3,diagolo-aperto-n-172,https://www.ombreeluci.it/wp-content/uploads/2026/01/Federico-Fucili-scavi-Pompei.jpg,https://pub-2251dc2142e3492a961f629f2af543d0.r2.dev/corpo/b2a3da28-8c51-41d1-b59c-02bb06393928,cached
54b8362b-9137-44fe-93d0-93d5e06218a3,diagolo-aperto-n-172,https://www.ombreeluci.it/wp-content/uploads/2026/01/Pompei-Flora-02.jpg,https://pub-2251dc2142e3492a961f629f2af543d0.r2.dev/corpo/650d7b1c-251f-4968-ae73-aabeb8176970,cached
621ea3f0-0827-40b8-a4dc-eb2886e3015d,come-ogni-anno-da-oltre-ventanni,https://www.ombreeluci.it/wp-content/uploads/2025/02/Luciana-Spigolon-Befana-03-576x1024.jpeg,https://pub-2251dc2142e3492a961f629f2af543d0.r2.dev/corpo/a260f645-d082-4cdf-9697-78d9d87d3737,uploaded
621ea3f0-0827-40b8-a4dc-eb2886e3015d,come-ogni-anno-da-oltre-ventanni,https://www.ombreeluci.it/wp-content/uploads/2025/02/Luciana-Spigolon-Befana-04-576x1024.jpeg,https://pub-2251dc2142e3492a961f629f2af543d0.r2.dev/corpo/e125ec05-918a-4418-b1d7-4df9af455c43,uploaded
621ea3f0-0827-40b8-a4dc-eb2886e3015d,come-ogni-anno-da-oltre-ventanni,https://www.ombreeluci.it/wp-content/uploads/2025/02/Luciana-Spigolon-Befana-02-135x300.jpeg,https://pub-2251dc2142e3492a961f629f2af543d0.r2.dev/corpo/e3adcc92-b340-4b72-8c56-70684ff3e04b,uploaded
698f6644-b7b5-40e1-aa10-7804d3fd11f9,la-vita-accanto-recensione,https://www.ombreeluci.it/wp-content/uploads/2024/08/Locarno77-Red-Carpet-Giona-A.-Nazzaro-and-Marco-Tullio-Giordana-recensioni-Locarno77-Ombreeluci.it_.jpg,https://pub-2251dc2142e3492a961f629f2af543d0.r2.dev/corpo/4ca49b76-3e29-4a95-94b4-1db7638d4c89,uploaded
6ce2ad38-365d-4779-9e1e-d1f2013c4e25,locarno-77-da-jane-campion-a-saule-bliuvaite,https://www.ombreeluci.it/wp-content/uploads/2024/08/An-Angel-at-My-Table_3©-Hibiscus-Films.-Image-courtesy-of-Te-Tumu-Whakaata-Taonga-New-Zealand-Film-Commission.jpg,,download_error:'ascii' codec can't encode character '\xa9' in position 54: ordinal not in range(128)
6ce2ad38-365d-4779-9e1e-d1f2013c4e25,locarno-77-da-jane-campion-a-saule-bliuvaite,https://www.ombreeluci.it/wp-content/uploads/2024/08/Akiplesa_1_KEY-STILL©Akis-bado.jpg,,download_error:'ascii' codec can't encode character '\xa9' in position 52: ordinal not in range(128)
6ecba6ee-97bd-49be-a050-2d39cd50ae92,stories-from-the-margins-at-the-rotterdam-festival,https://www.ombreeluci.it/wp-content/uploads/2026/03/variations_on_a_theme_04.jpg,https://pub-2251dc2142e3492a961f629f2af543d0.r2.dev/corpo/4e8849ac-01e3-4449-9d38-e81b5f9962a8,uploaded
6ecba6ee-97bd-49be-a050-2d39cd50ae92,stories-from-the-margins-at-the-rotterdam-festival,https://www.ombreeluci.it/wp-content/uploads/2026/03/A-fading-man.jpg,https://pub-2251dc2142e3492a961f629f2af543d0.r2.dev/corpo/4f8260e5-f498-4c6a-937b-2c3b335d0f65,uploaded
6ecba6ee-97bd-49be-a050-2d39cd50ae92,stories-from-the-margins-at-the-rotterdam-festival,https://www.ombreeluci.it/wp-content/uploads/2026/03/The-Gymnast.jpg,https://pub-2251dc2142e3492a961f629f2af543d0.r2.dev/corpo/134c1e01-96be-4666-a0ce-d47d781575a4,uploaded
6ecba6ee-97bd-49be-a050-2d39cd50ae92,stories-from-the-margins-at-the-rotterdam-festival,https://www.ombreeluci.it/wp-content/uploads/2026/03/My-Semba.jpg,https://pub-2251dc2142e3492a961f629f2af543d0.r2.dev/corpo/81aa6784-5616-4f6d-9519-e670e4383d33,uploaded
6ecba6ee-97bd-49be-a050-2d39cd50ae92,stories-from-the-margins-at-the-rotterdam-festival,https://www.ombreeluci.it/wp-content/uploads/2026/03/Roid.jpg,https://pub-2251dc2142e3492a961f629f2af543d0.r2.dev/corpo/5a5b589d-f02e-4441-80e0-148ff5bff337,uploaded
6ecba6ee-97bd-49be-a050-2d39cd50ae92,stories-from-the-margins-at-the-rotterdam-festival,https://www.ombreeluci.it/wp-content/uploads/2026/03/Butterfly.jpg,https://pub-2251dc2142e3492a961f629f2af543d0.r2.dev/corpo/d1dbee89-c675-4b4e-8043-598edbf74f58,uploaded
6ecba6ee-97bd-49be-a050-2d39cd50ae92,stories-from-the-margins-at-the-rotterdam-festival,https://www.ombreeluci.it/wp-content/uploads/2026/03/The-Arab.jpg,https://pub-2251dc2142e3492a961f629f2af543d0.r2.dev/corpo/8907b6a5-c78d-4a14-b2cf-e8b65401c812,uploaded
70a68071-ad21-4045-80ed-d07f85ad94bd,storie-ai-margini-dal-festival-di-rotterdam,https://www.ombreeluci.it/wp-content/uploads/2026/03/variations_on_a_theme_04.jpg,https://pub-2251dc2142e3492a961f629f2af543d0.r2.dev/corpo/4e8849ac-01e3-4449-9d38-e81b5f9962a8,cached
70a68071-ad21-4045-80ed-d07f85ad94bd,storie-ai-margini-dal-festival-di-rotterdam,https://www.ombreeluci.it/wp-content/uploads/2026/03/A-fading-man.jpg,https://pub-2251dc2142e3492a961f629f2af543d0.r2.dev/corpo/4f8260e5-f498-4c6a-937b-2c3b335d0f65,cached
70a68071-ad21-4045-80ed-d07f85ad94bd,storie-ai-margini-dal-festival-di-rotterdam,https://www.ombreeluci.it/wp-content/uploads/2026/03/The-Gymnast.jpg,https://pub-2251dc2142e3492a961f629f2af543d0.r2.dev/corpo/134c1e01-96be-4666-a0ce-d47d781575a4,cached
70a68071-ad21-4045-80ed-d07f85ad94bd,storie-ai-margini-dal-festival-di-rotterdam,https://www.ombreeluci.it/wp-content/uploads/2026/03/My-Semba.jpg,https://pub-2251dc2142e3492a961f629f2af543d0.r2.dev/corpo/81aa6784-5616-4f6d-9519-e670e4383d33,cached
70a68071-ad21-4045-80ed-d07f85ad94bd,storie-ai-margini-dal-festival-di-rotterdam,https://www.ombreeluci.it/wp-content/uploads/2026/03/Roid.jpg,https://pub-2251dc2142e3492a961f629f2af543d0.r2.dev/corpo/5a5b589d-f02e-4441-80e0-148ff5bff337,cached
70a68071-ad21-4045-80ed-d07f85ad94bd,storie-ai-margini-dal-festival-di-rotterdam,https://www.ombreeluci.it/wp-content/uploads/2026/03/Butterfly.jpg,https://pub-2251dc2142e3492a961f629f2af543d0.r2.dev/corpo/d1dbee89-c675-4b4e-8043-598edbf74f58,cached
70a68071-ad21-4045-80ed-d07f85ad94bd,storie-ai-margini-dal-festival-di-rotterdam,https://www.ombreeluci.it/wp-content/uploads/2026/03/The-Arab.jpg,https://pub-2251dc2142e3492a961f629f2af543d0.r2.dev/corpo/8907b6a5-c78d-4a14-b2cf-e8b65401c812,cached
78a30b98-2849-41cd-81db-c7f00ae77170,serate-impossibili-e-una-possibilissima,https://www.ombreeluci.it/wp-content/uploads/2024/06/lelisir-damore-4-250x300.jpg,https://pub-2251dc2142e3492a961f629f2af543d0.r2.dev/corpo/f690dd92-49ad-42f8-b1de-441b290bdec0,uploaded
89e7d87d-8bc1-4744-9037-40659a14c8c0,una-specie-di-erasmus-con-fede-e-luce,https://www.ombreeluci.it/wp-content/uploads/2023/10/Samuel-658x1024.jpg,https://pub-2251dc2142e3492a961f629f2af543d0.r2.dev/corpo/84ade84c-b6c2-4ef7-a2da-acfcf395ea38,uploaded
89ec29c9-488e-411a-a3bf-ad4bb0a952d4,we-have-a-dream-cinque-storie-di-fragilita-ricche-di-speranza,https://www.ombreeluci.it/wp-content/uploads/2023/12/WeHaveaDream-poster-683x1024.jpeg,https://pub-2251dc2142e3492a961f629f2af543d0.r2.dev/corpo/28253064-204f-45e9-977d-7ecfcdc442e9,uploaded
93b88278-f473-43dd-83ef-ea147b64ef00,festa-del-cinema-roma-2023,https://www.ombreeluci.it/wp-content/uploads/2023/10/kripton.jpeg,https://pub-2251dc2142e3492a961f629f2af543d0.r2.dev/corpo/6555dfbe-20e2-4bcc-9743-de1a24adbfa8,uploaded
93b88278-f473-43dd-83ef-ea147b64ef00,festa-del-cinema-roma-2023,https://www.ombreeluci.it/wp-content/uploads/2023/10/Death-is-a-problem-for-the-living.webp,https://pub-2251dc2142e3492a961f629f2af543d0.r2.dev/corpo/02a864cb-b228-46d9-90be-9394d87f389e,uploaded
93b88278-f473-43dd-83ef-ea147b64ef00,festa-del-cinema-roma-2023,https://www.ombreeluci.it/wp-content/uploads/2023/10/jules.jpg,https://pub-2251dc2142e3492a961f629f2af543d0.r2.dev/corpo/b292f6d8-045b-4bab-aa63-e7d529ef757c,uploaded
93b88278-f473-43dd-83ef-ea147b64ef00,festa-del-cinema-roma-2023,https://www.ombreeluci.it/wp-content/uploads/2023/10/dallalto-di-una-fredda-torre.jpg,https://pub-2251dc2142e3492a961f629f2af543d0.r2.dev/corpo/c3bfc5ec-f3de-4771-8126-01b17ca0a8c0,uploaded
93b88278-f473-43dd-83ef-ea147b64ef00,festa-del-cinema-roma-2023,https://www.ombreeluci.it/wp-content/uploads/2023/10/Tutta-la-luce-che-non-vediamo-Netflix-con-aria-mia-loberti.jpg,https://pub-2251dc2142e3492a961f629f2af543d0.r2.dev/corpo/3dae08dd-a136-4cd8-b8d0-681fe35e3eb7,uploaded
969e52c2-89c9-4625-bb90-6a137043d4bb,disney-my-way-a-summer-camp-full-of-joy-and-friendship,https://www.ombreeluci.it/wp-content/uploads/2025/10/WhatsApp-Image-2025-10-28-at-12.31.31-1.jpeg,https://pub-2251dc2142e3492a961f629f2af543d0.r2.dev/corpo/33834574-e93a-4ca4-b4a0-602c0865a907,uploaded
9831273d-35e8-4995-a657-81dd99d88f45,chi-ben-comincia,https://www.ombreeluci.it/wp-content/uploads/2024/07/PXL_20240525_103801597.MP-min-scaled.jpg,https://pub-2251dc2142e3492a961f629f2af543d0.r2.dev/corpo/20424427-e185-437c-b0c6-77a4eb99f014,cached
aa19bd7b-d3e7-4b1e-8042-e4a6f1e3366f,dal-41-torino-film-festival,https://www.ombreeluci.it/wp-content/uploads/2023/12/Folle-damore-Alda-Merini-Roberto-Faenza.jpg,https://pub-2251dc2142e3492a961f629f2af543d0.r2.dev/corpo/9bec5008-144b-4c78-a3ed-41fa07fb22bb,uploaded
ab00d3a5-fda9-4675-9acd-8909fc6e7cd9,suor-veronica-pompei,https://www.ombreeluci.it/wp-content/uploads/2025/12/Suor-Veronica-768x1024.jpg,https://pub-2251dc2142e3492a961f629f2af543d0.r2.dev/corpo/ef14d5c7-efe7-4c47-9613-4b9d2889a29b,uploaded
afcbd7c7-b2f8-443a-ade9-430c923c2625,tra-conquiste-e-fatiche,https://www.ombreeluci.it/wp-content/uploads/2024/05/Cristina-Spigolon-686x1024.jpg,https://pub-2251dc2142e3492a961f629f2af543d0.r2.dev/corpo/b93ef89d-efd0-4828-a819-7d7e93329584,uploaded
b1e7e104-db3a-4cbd-8997-4d640950c7c3,ti-chiamano,https://www.ombreeluci.it/wp-content/uploads/2025/02/sr-teresita2-e1738933617719-300x169.jpeg,https://pub-2251dc2142e3492a961f629f2af543d0.r2.dev/corpo/b9d5c6f5-d36f-4fd3-9e60-d5fbc56cc41f,uploaded
b76dcd82-0e46-4fe7-bd6a-af804cbf2151,oltre-le-barriere-imposte,https://www.ombreeluci.it/wp-content/uploads/2024/06/Cena-Edelweiss-SD-225x300.jpg,https://pub-2251dc2142e3492a961f629f2af543d0.r2.dev/corpo/05c65110-66b9-43bc-99ae-6bf7461fbc2e,uploaded
ba0ccf7b-f6fd-4172-a64c-831060237808,venezia-82-quando-la-realta-ti-insegue-dentro-al-cinema,https://www.ombreeluci.it/wp-content/uploads/2025/09/109775-THE_VOICE_OF_HIND_RAJAB_-_Motaz_Malhees__1_-1024x526.jpg,https://pub-2251dc2142e3492a961f629f2af543d0.r2.dev/corpo/8321d68a-0770-493f-bcf4-cdeddd6aec43,uploaded
ba0ccf7b-f6fd-4172-a64c-831060237808,venezia-82-quando-la-realta-ti-insegue-dentro-al-cinema,https://www.ombreeluci.it/wp-content/uploads/2025/09/105603-AGNUS_DEI__LAMB_OF_GOD__-_Official_Still__1___Credits_RICCARDO_GHILARDI_-1024x683.jpg,https://pub-2251dc2142e3492a961f629f2af543d0.r2.dev/corpo/9f72f359-b418-452b-852c-b3bb25dd6080,uploaded
ba0ccf7b-f6fd-4172-a64c-831060237808,venezia-82-quando-la-realta-ti-insegue-dentro-al-cinema,https://www.ombreeluci.it/wp-content/uploads/2025/09/the_curfew.jpg,https://pub-2251dc2142e3492a961f629f2af543d0.r2.dev/corpo/0ec5ebfe-96c9-4f12-8def-27c5d71bde66,uploaded
ba0ccf7b-f6fd-4172-a64c-831060237808,venezia-82-quando-la-realta-ti-insegue-dentro-al-cinema,https://www.ombreeluci.it/wp-content/uploads/2025/09/102980-SHORT_SUMMER_-_Official_still__3_-1024x576.jpeg,https://pub-2251dc2142e3492a961f629f2af543d0.r2.dev/corpo/f4e9f576-e169-4047-a8b7-d83baa984315,uploaded
ba0ccf7b-f6fd-4172-a64c-831060237808,venezia-82-quando-la-realta-ti-insegue-dentro-al-cinema,https://www.ombreeluci.it/wp-content/uploads/2025/09/INDIETRO-COSI-1-700x441-1.jpeg,https://pub-2251dc2142e3492a961f629f2af543d0.r2.dev/corpo/2e2e55aa-9bd4-4185-b622-5dc857557ab3,uploaded
be2a9313-8240-4a84-8791-65f9fd3cdfb8,a-san-sebastian-il-silenzio-diventa-linguaggio,https://www.ombreeluci.it/wp-content/uploads/2025/10/Sorda-2025-210x300.jpg,https://pub-2251dc2142e3492a961f629f2af543d0.r2.dev/corpo/38309cfd-4481-4d53-b7e9-efd89433bfba,uploaded
c7b719a7-b5b4-4ab5-aad1-571a4747e5f5,venezia-82-voci-dal-passato-cambiamo-futuro,https://www.ombreeluci.it/wp-content/uploads/2025/09/Orphan-Actor-Bojtorjan-Barabas-Venezia-82-1024x537.webp,https://pub-2251dc2142e3492a961f629f2af543d0.r2.dev/corpo/038641d8-12e7-4ecc-94c8-3b83d09bb1b0,uploaded
c7b719a7-b5b4-4ab5-aad1-571a4747e5f5,venezia-82-voci-dal-passato-cambiamo-futuro,https://www.ombreeluci.it/wp-content/uploads/2025/09/Mother-Entre-Chien-et-Loup-Venezia-82-1024x537.webp,https://pub-2251dc2142e3492a961f629f2af543d0.r2.dev/corpo/22594417-71ab-4c73-8f71-fb96d93b6ea0,uploaded
c7b719a7-b5b4-4ab5-aad1-571a4747e5f5,venezia-82-voci-dal-passato-cambiamo-futuro,https://www.ombreeluci.it/wp-content/uploads/2025/09/Dinti-de-lapte-milk-teeth-Emma-Mogos-Credits-Sabina-Costinel-Venezia-82-1024x537.webp,https://pub-2251dc2142e3492a961f629f2af543d0.r2.dev/corpo/2d67fcb9-20c8-428c-9079-6c122bf707f2,uploaded
c7b719a7-b5b4-4ab5-aad1-571a4747e5f5,venezia-82-voci-dal-passato-cambiamo-futuro,https://www.ombreeluci.it/wp-content/uploads/2025/09/Nuestra-tierra-landmarks-Venezia-82-1024x537.webp,https://pub-2251dc2142e3492a961f629f2af543d0.r2.dev/corpo/43dbf2e0-63a1-4612-8ee3-130a52394889,uploaded
c7b719a7-b5b4-4ab5-aad1-571a4747e5f5,venezia-82-voci-dal-passato-cambiamo-futuro,https://www.ombreeluci.it/wp-content/uploads/2025/09/boomerang_atomic-Venezia-82.webp,https://pub-2251dc2142e3492a961f629f2af543d0.r2.dev/corpo/c8fed9a7-716b-4e80-a3a7-db6b92dc7d68,uploaded
ca6c8927-3e1c-40a4-842b-c5ea84e5d50c,cambiamenti-in-arrivo-nel-cinema-italiano,https://www.ombreeluci.it/wp-content/uploads/2025/05/la-vita-da-grandi-locandina-210x300.jpg,https://pub-2251dc2142e3492a961f629f2af543d0.r2.dev/corpo/bd722f33-c8de-4583-9a02-6268d5880d84,uploaded
ce8b4c25-f9fa-46fa-a8fd-025f452f344e,i-made-this-movie-for-him-not-for-myself,https://www.ombreeluci.it/wp-content/uploads/2025/08/Bobo_3_Copyright-Pippo-Delbono-1.jpg,https://pub-2251dc2142e3492a961f629f2af543d0.r2.dev/corpo/ee85610a-f1aa-43bf-ac31-94b911fd0587,uploaded
cec38f4f-bff3-4e5f-8225-fcd8bc6ccd67,la-festa-di-compleanno-di-veronica,https://www.ombreeluci.it/wp-content/uploads/2026/02/Valeria-Antonucci.jpg,https://pub-2251dc2142e3492a961f629f2af543d0.r2.dev/corpo/703c94e4-e5ee-4c28-b4e4-74e7b28552dc,cached
d384ccaa-b7e9-4d16-b70a-740216f654d4,stars-in-the-spotlight-stories-in-the-shadows-three-films-at-the-torino-film-festival,https://www.ombreeluci.it/wp-content/uploads/2026/01/Dolph-Unbreakable.jpg,https://pub-2251dc2142e3492a961f629f2af543d0.r2.dev/corpo/8e6d5fcb-0295-4732-9ccd-539d0245d168,cached
d384ccaa-b7e9-4d16-b70a-740216f654d4,stars-in-the-spotlight-stories-in-the-shadows-three-films-at-the-torino-film-festival,https://www.ombreeluci.it/wp-content/uploads/2026/01/H-is-for-hawk.jpg,https://pub-2251dc2142e3492a961f629f2af543d0.r2.dev/corpo/e45e6660-ebf1-4f51-a50d-e9b5ad65dfc9,cached
d8db6d6e-8aaf-4a62-9b3b-9c6626f2727d,il-ruolo-di-cura-quattro-film-berlinale,https://www.ombreeluci.it/wp-content/uploads/2025/02/Hot-milk.jpg,https://pub-2251dc2142e3492a961f629f2af543d0.r2.dev/corpo/b2ce9b8b-e1f5-47e9-bada-cd3ca7dac902,uploaded
d8db6d6e-8aaf-4a62-9b3b-9c6626f2727d,il-ruolo-di-cura-quattro-film-berlinale,https://www.ombreeluci.it/wp-content/uploads/2025/02/If-I-had-legs-I-kick-you.jpg,https://pub-2251dc2142e3492a961f629f2af543d0.r2.dev/corpo/9e8a03c9-18be-49c3-8542-6e256db9dfc5,uploaded
d8db6d6e-8aaf-4a62-9b3b-9c6626f2727d,il-ruolo-di-cura-quattro-film-berlinale,https://www.ombreeluci.it/wp-content/uploads/2025/02/How-to-Be-Normal-and-the-Oddness-of-the-Other-World.jpg,https://pub-2251dc2142e3492a961f629f2af543d0.r2.dev/corpo/446ac625-263b-4e52-8398-39b921f29dcb,uploaded
de0dbcf5-0790-48ca-9e56-222b43e95feb,ho-letto-tutti-gli-articoli-di-ombre-e-luci-e-vi-racconto-cosa-sto-scoprendo,https://www.ombreeluci.it/wp-content/uploads/2026/01/aioel-cover-3-671x1024.webp,https://pub-2251dc2142e3492a961f629f2af543d0.r2.dev/corpo/fb4d5523-57e0-45dc-ba03-fb232e94169f,uploaded
ef83b890-c4ab-4f76-9f5e-09efd923b263,far-east-film-festival-2024-due-film-sulla-fragilita-da-hong-kong-e-taiwan,https://www.ombreeluci.it/wp-content/uploads/2024/05/In-Broad-247x300.jpg,https://pub-2251dc2142e3492a961f629f2af543d0.r2.dev/corpo/343ce66a-f674-43f2-bd69-45bf0d398a83,uploaded
ef83b890-c4ab-4f76-9f5e-09efd923b263,far-east-film-festival-2024-due-film-sulla-fragilita-da-hong-kong-e-taiwan,https://www.ombreeluci.it/wp-content/uploads/2024/05/Takano-Tofu-300x200.jpg,https://pub-2251dc2142e3492a961f629f2af543d0.r2.dev/corpo/ba7f8af4-71e9-4526-91a7-a7f191f21719,uploaded
f2f58b47-599a-4bf5-8ff5-7c6653279d6c,berlinale-74-riflessioni-su-cinema-disabilita-e-moralita-con-due-opere-provocatorie,https://www.ombreeluci.it/wp-content/uploads/2024/02/Small-things-like-these-min-scaled.jpg,https://pub-2251dc2142e3492a961f629f2af543d0.r2.dev/corpo/9b3b871c-6939-4645-bf60-67403117a8a5,uploaded
f58a63bb-08ff-4f43-a551-1909579c0498,la-scelta-di-geel,https://www.ombreeluci.it/wp-content/uploads/2025/05/Geel-opz-1024x576.jpg,https://pub-2251dc2142e3492a961f629f2af543d0.r2.dev/corpo/17d2ca13-2118-4fad-b083-c946457d41dd,uploaded
f6877d1c-cdd8-4a14-920a-bd61fd86fffc,limpossibile-diventa-possibile-recensione,https://www.ombreeluci.it/wp-content/uploads/2025/03/Galeotti-presentazione-libro-1024x786.jpg,https://pub-2251dc2142e3492a961f629f2af543d0.r2.dev/corpo/3360cbaa-5dd7-42ed-ab04-06352b9e2187,uploaded
f6877d1c-cdd8-4a14-920a-bd61fd86fffc,limpossibile-diventa-possibile-recensione,https://www.ombreeluci.it/wp-content/uploads/2025/03/WONDER-MOM-SOLO.jpg,https://pub-2251dc2142e3492a961f629f2af543d0.r2.dev/corpo/004d205e-d6da-481c-bf6c-03f85d4f03dd,uploaded
fe6d5ecd-7046-4501-a86e-afc64de98a10,bobo-recensione-film,https://www.ombreeluci.it/wp-content/uploads/2025/08/Bobo_3_Copyright-Pippo-Delbono.jpg,https://pub-2251dc2142e3492a961f629f2af543d0.r2.dev/corpo/e2c97812-afa7-46f1-9bea-11ec163b25b1,uploaded
