uuid,status
004d205e-d6da-481c-bf6c-03f85d4f03dd,download_error:HTTP Error 403: Forbidden
0217c2be-d683-4136-a923-6543cc5a750d,download_error:HTTP Error 403: Forbidden
02a864cb-b228-46d9-90be-9394d87f389e,download_error:HTTP Error 403: Forbidden
032d6b24-59d9-4083-a41c-b9aafb404535,download_error:HTTP Error 403: Forbidden
038641d8-12e7-4ecc-94c8-3b83d09bb1b0,download_error:HTTP Error 403: Forbidden
04939bca-456e-4d3f-8355-8f25d26f2ef9,download_error:HTTP Error 403: Forbidden
04f3c338-17b0-4bf3-974c-8a447740c032,download_error:HTTP Error 403: Forbidden
051b8b41-211b-483e-945b-cebcd3e59860,download_error:HTTP Error 403: Forbidden
05c65110-66b9-43bc-99ae-6bf7461fbc2e,download_error:HTTP Error 403: Forbidden
05cb54e6-c8ba-416e-9212-ade4214f6e01,download_error:HTTP Error 403: Forbidden
07890ffe-8bbc-4448-8f52-a7567fa2eedc,download_error:HTTP Error 403: Forbidden
080a6f16-36f5-4053-b70a-679793b518d3,download_error:HTTP Error 403: Forbidden
0a2698fb-c9b2-4d9d-a676-2e70b42a8c94,download_error:HTTP Error 403: Forbidden
0aa5cb36-42e7-4a8f-9ba0-ebabba2d0484,download_error:HTTP Error 403: Forbidden
0ac462d3-302c-421a-9c77-fbf421c01e29,download_error:HTTP Error 403: Forbidden
0ca04494-7b3f-4121-9c66-b1654e981edb,download_error:HTTP Error 403: Forbidden
0ec5ebfe-96c9-4f12-8def-27c5d71bde66,download_error:HTTP Error 403: Forbidden
115a5d3b-3789-4f17-8760-050573b6e841,download_error:HTTP Error 403: Forbidden
11e4c35f-9af2-46db-8e36-3a3e9fb4cef3,download_error:HTTP Error 403: Forbidden
11f8b1d9-fa59-4cf7-9850-59a5492fde81,download_error:HTTP Error 403: Forbidden
11fe0edb-5d8e-429e-bed2-20d99d419d49,download_error:HTTP Error 403: Forbidden
134c1e01-96be-4666-a0ce-d47d781575a4,download_error:HTTP Error 403: Forbidden
13ba27d7-810b-4ffe-a578-dc31ab420be5,download_error:HTTP Error 403: Forbidden
156c78d3-cdea-4245-8ebc-ff04238f3bc6,download_error:HTTP Error 403: Forbidden
1615a432-effb-4564-8700-a68a2dbb69b8,download_error:HTTP Error 403: Forbidden
16ec36cb-2396-4af5-b972-8b547ebc1fef,download_error:HTTP Error 403: Forbidden
17d2ca13-2118-4fad-b083-c946457d41dd,download_error:HTTP Error 403: Forbidden
185ed55e-a3cb-476e-af17-a3d6d77beb4a,download_error:HTTP Error 403: Forbidden
1a917020-9ed4-4e47-9169-9ddcb898901d,download_error:HTTP Error 403: Forbidden
1ce59d10-2d1d-4ffb-aba4-efadcef112ff,download_error:HTTP Error 403: Forbidden
1fb00759-e631-40ec-b47e-46763798efb6,download_error:HTTP Error 403: Forbidden
1ffd02e0-b065-4a48-aaaf-975035dbfd3c,download_error:HTTP Error 403: Forbidden
20424427-e185-437c-b0c6-77a4eb99f014,download_error:HTTP Error 403: Forbidden
20c9c3b6-b6c3-45b2-bff4-3ec46646061f,download_error:HTTP Error 403: Forbidden
21a28112-79bb-418e-a990-e3172b3145b8,download_error:HTTP Error 403: Forbidden
22594417-71ab-4c73-8f71-fb96d93b6ea0,download_error:HTTP Error 403: Forbidden
2272e591-92e5-4797-b364-8d2a9ca7b719,download_error:HTTP Error 403: Forbidden
2342440d-30fa-4369-b34e-640b8e0c46c6,download_error:HTTP Error 403: Forbidden
25392ba2-b736-4745-878a-28664ebcbdc1,download_error:HTTP Error 403: Forbidden
26983e15-c2be-43f5-b7eb-7d2de313b9cc,download_error:HTTP Error 403: Forbidden
28253064-204f-45e9-977d-7ecfcdc442e9,download_error:HTTP Error 403: Forbidden
2968e9f8-0cf8-4470-be00-81cc153f0d16,download_error:HTTP Error 403: Forbidden
29b56393-f25c-41aa-9812-c6c0b01f866e,download_error:HTTP Error 403: Forbidden
2ae24ad5-8b33-47d2-8b84-b13d5d1cf3ec,download_error:HTTP Error 403: Forbidden
2afce04d-d0fa-4326-9ebc-98d8419bea47,download_error:HTTP Error 403: Forbidden
2d67fcb9-20c8-428c-9079-6c122bf707f2,download_error:HTTP Error 403: Forbidden
2d7e8e22-162a-460e-92a0-f8604d1283f7,download_error:HTTP Error 403: Forbidden
2e2e55aa-9bd4-4185-b622-5dc857557ab3,download_error:HTTP Error 403: Forbidden
2f11227d-5e2b-426d-b66f-14cd09d1dc7a,download_error:HTTP Error 403: Forbidden
309b0245-c67b-440e-9b96-741ce6d14b61,download_error:HTTP Error 403: Forbidden
3131e8d1-1b68-4e4a-9b5d-aa723fca5ab0,download_error:HTTP Error 403: Forbidden
3360cbaa-5dd7-42ed-ab04-06352b9e2187,download_error:HTTP Error 403: Forbidden
33834574-e93a-4ca4-b4a0-602c0865a907,download_error:HTTP Error 403: Forbidden
343ce66a-f674-43f2-bd69-45bf0d398a83,download_error:HTTP Error 403: Forbidden
34e76f0d-8192-4b22-b22e-63a6b5b8eab7,download_error:HTTP Error 403: Forbidden
352d89ae-93f2-42d3-a2f8-d66024360d47,download_error:HTTP Error 403: Forbidden
3560ec86-7e3f-4a86-9870-160e4ab80c45,download_error:HTTP Error 403: Forbidden
38309cfd-4481-4d53-b7e9-efd89433bfba,download_error:HTTP Error 403: Forbidden
38f1fd10-b2dc-4b13-b700-fa7bf6bbe5a4,download_error:HTTP Error 403: Forbidden
39b8ed91-e875-4cd7-a011-8cc6405f203b,download_error:HTTP Error 403: Forbidden
3c63a730-b4fa-41fb-8b24-a8b5451cb6c4,download_error:HTTP Error 403: Forbidden
3dae08dd-a136-4cd8-b8d0-681fe35e3eb7,download_error:HTTP Error 403: Forbidden
3fe93d1f-5eb0-431f-8e3f-4e5a39900a2f,download_error:HTTP Error 403: Forbidden
404cfcc3-c67a-4093-82df-a9408c5e59a3,download_error:HTTP Error 403: Forbidden
42104893-208d-4861-887c-e3af6da60335,download_error:HTTP Error 403: Forbidden
42adccd6-bdd1-45d4-9744-c1d8505c8cea,download_error:HTTP Error 403: Forbidden
43dbf2e0-63a1-4612-8ee3-130a52394889,download_error:HTTP Error 403: Forbidden
446ac625-263b-4e52-8398-39b921f29dcb,download_error:HTTP Error 403: Forbidden
44727dbd-8ef8-4ed7-9f3f-40155151f517,download_error:HTTP Error 403: Forbidden
45cf5a7c-cfc3-457c-87f1-97e5b298ee98,download_error:HTTP Error 403: Forbidden
466801df-c40e-4ea7-9ca1-37eec6e60ec9,download_error:HTTP Error 403: Forbidden
46b67982-ad70-4cd5-8906-cdd55462ffa8,download_error:HTTP Error 403: Forbidden
48504f38-79e1-4dfd-a1ac-5614d8cda32f,download_error:HTTP Error 403: Forbidden
4913d1ba-ebda-4016-b949-e783eedca5fb,download_error:HTTP Error 403: Forbidden
49319f99-43f0-45be-9412-91817032ab06,download_error:HTTP Error 403: Forbidden
4a5aa806-e66d-4228-b135-dcd9cd03ac35,download_error:HTTP Error 403: Forbidden
4b87fbed-cb28-450c-85f0-2d2b0383ec8f,download_error:HTTP Error 403: Forbidden
4babf334-d959-4afb-a4ac-02e9b84f8b59,download_error:HTTP Error 403: Forbidden
4c93370c-585d-49e5-a226-97b28cc89d91,download_error:HTTP Error 403: Forbidden
4ca49b76-3e29-4a95-94b4-1db7638d4c89,download_error:HTTP Error 403: Forbidden
4e1a7ad4-7568-41d2-bb81-8be5ee4a2d49,download_error:HTTP Error 403: Forbidden
4e8849ac-01e3-4449-9d38-e81b5f9962a8,download_error:HTTP Error 403: Forbidden
4eac3345-84ca-477a-9605-1735842942ff,download_error:HTTP Error 403: Forbidden
4f8260e5-f498-4c6a-937b-2c3b335d0f65,download_error:HTTP Error 403: Forbidden
4ff6a4e8-6ed9-43ee-8d24-67af68f9b1cc,download_error:HTTP Error 403: Forbidden
51445a90-c308-4480-af9e-28bd04981e48,download_error:HTTP Error 403: Forbidden
51a2518a-507d-4fbb-a0a0-2d124bbae3c8,download_error:HTTP Error 403: Forbidden
51ba09c9-5b60-497a-864e-e036aaa1771a,download_error:HTTP Error 403: Forbidden
55a4702a-2880-4283-a380-665b9d8eb9d2,download_error:HTTP Error 403: Forbidden
564ed548-14f4-46cf-8145-2432b6465b82,download_error:HTTP Error 403: Forbidden
570c0fde-1178-412b-b163-ee3e2cf5fae8,download_error:HTTP Error 403: Forbidden
57d9d225-c5fe-4be6-a64b-64bed880c13f,download_error:HTTP Error 403: Forbidden
58cbbad0-6804-477d-ae3d-116d19080c62,download_error:HTTP Error 403: Forbidden
591feb7e-26d6-46c4-ad06-c8b8ad58295f,download_error:HTTP Error 403: Forbidden
593a61be-bafe-496f-bc62-b01d34bea386,download_error:HTTP Error 403: Forbidden
5a5b589d-f02e-4441-80e0-148ff5bff337,download_error:HTTP Error 403: Forbidden
5b677649-ffe6-4271-b7f4-e7fa61449113,download_error:HTTP Error 403: Forbidden
5c94d594-ba83-42a7-a912-c6f8d53164a5,download_error:HTTP Error 403: Forbidden
5f4784cc-0a3c-4753-8ab8-91ae6e487d87,download_error:HTTP Error 403: Forbidden
6215142a-551b-411f-b0f1-d67e1e9b714c,download_error:HTTP Error 403: Forbidden
62b72868-0f15-4bfe-b2c7-54396018c6a5,download_error:HTTP Error 403: Forbidden
638e5290-308b-4017-8360-ccd77fcf907f,download_error:HTTP Error 403: Forbidden
63c38b21-3954-44ef-9f29-8e0144a57ec9,download_error:HTTP Error 403: Forbidden
63d1c5fd-2e50-45e8-a25c-bf5b7784712e,download_error:HTTP Error 403: Forbidden
63d762bd-57d8-4602-8ced-7a3a2ce2bfc9,download_error:HTTP Error 403: Forbidden
641bce58-c59d-44cf-880c-ce06a8615011,download_error:HTTP Error 403: Forbidden
650d7b1c-251f-4968-ae73-aabeb8176970,download_error:HTTP Error 403: Forbidden
6555dfbe-20e2-4bcc-9743-de1a24adbfa8,download_error:HTTP Error 403: Forbidden
66f64731-1e30-4271-869d-2e6829d470bc,download_error:HTTP Error 403: Forbidden
67d394dd-e16d-4212-a7db-388a167b119f,download_error:HTTP Error 403: Forbidden
684fcf05-8554-49b3-8c01-1fcb412e00ce,download_error:HTTP Error 403: Forbidden
69c76362-cacc-464c-ae25-fe982bb98087,download_error:HTTP Error 403: Forbidden
6a6f347c-efef-4444-8415-a4188e3aca96,download_error:HTTP Error 403: Forbidden
6bbe2e11-5f86-42ac-9ff9-a76b5d986c3b,download_error:HTTP Error 403: Forbidden
6c61b6f9-f7e4-485c-850c-1b3c6608c4b4,download_error:HTTP Error 403: Forbidden
6f40df83-6c6b-4c80-b9f3-df8c05f85246,download_error:HTTP Error 403: Forbidden
703c94e4-e5ee-4c28-b4e4-74e7b28552dc,download_error:HTTP Error 403: Forbidden
73842c57-544b-4c20-b2c4-660fe3c2072f,download_error:HTTP Error 403: Forbidden
77fdf42d-f5b1-4b07-baf9-d35991861f6b,download_error:HTTP Error 403: Forbidden
790cd4f9-3927-4241-bfe1-d43cb49d5751,download_error:HTTP Error 403: Forbidden
7937d2bc-1f34-441d-93d8-1060fb5f1446,download_error:HTTP Error 403: Forbidden
7b81651f-83e6-46ef-83e5-fa35583c3170,download_error:HTTP Error 403: Forbidden
7bb4102f-2f2a-47bc-9106-394c255d9ebd,download_error:HTTP Error 403: Forbidden
7d8a0a79-498a-42b9-afb5-5e6cc8e87e7f,download_error:HTTP Error 403: Forbidden
7dbf3966-bbca-4e70-9c37-e4d078f3f04e,download_error:HTTP Error 403: Forbidden
7e4ec442-9398-4afe-8164-600b0dc192cb,download_error:HTTP Error 403: Forbidden
802caa8d-86c3-4005-9513-b0ac8bc0d248,download_error:HTTP Error 403: Forbidden
80873a37-e2cb-4840-95ce-4f70099d62f1,download_error:HTTP Error 403: Forbidden
80fe47f4-cc35-4cf6-806f-faf05097b290,download_error:HTTP Error 403: Forbidden
814adacc-e366-4452-97a4-660cb469ae80,download_error:HTTP Error 403: Forbidden
81aa6784-5616-4f6d-9519-e670e4383d33,download_error:HTTP Error 403: Forbidden
8321d68a-0770-493f-bcf4-cdeddd6aec43,download_error:HTTP Error 403: Forbidden
8365ff36-eeaf-4e03-86b9-71c224bc6da3,download_error:HTTP Error 403: Forbidden
83e5d4a0-9fb3-4f02-b550-cdb43f757894,download_error:HTTP Error 403: Forbidden
8432a42b-5079-4983-8543-031a15cff226,download_error:HTTP Error 403: Forbidden
84ade84c-b6c2-4ef7-a2da-acfcf395ea38,download_error:HTTP Error 403: Forbidden
84f7e1a6-d566-45a9-9d0d-a43266b40a84,download_error:HTTP Error 403: Forbidden
85c0e725-c7ed-4cc6-b87d-0a01b147b0f5,download_error:HTTP Error 403: Forbidden
8907b6a5-c78d-4a14-b2cf-e8b65401c812,download_error:HTTP Error 403: Forbidden
89b107dc-2478-4ad8-b20c-e5ac958083b5,download_error:HTTP Error 403: Forbidden
8a3cb52c-f83f-43f5-b80b-80371f2a04a8,download_error:HTTP Error 403: Forbidden
8b6a34f8-c178-4148-8c92-17e8b33d2798,download_error:HTTP Error 403: Forbidden
8ca219b0-56f2-45b1-901b-2e259ba41531,download_error:HTTP Error 403: Forbidden
8da028d2-bbae-463e-8520-5e8e6b92d5a3,download_error:HTTP Error 403: Forbidden
8e6d5fcb-0295-4732-9ccd-539d0245d168,download_error:HTTP Error 403: Forbidden
90c5aa4c-cdea-4d13-a69a-76e93adabbcd,download_error:HTTP Error 403: Forbidden
93ea7e55-22a6-4ac1-a554-4274794f530d,download_error:HTTP Error 403: Forbidden
95ea4902-748a-47dc-a879-0bdaaa41a39a,download_error:HTTP Error 403: Forbidden
980239c4-ba2f-4f0b-aba0-00531a854e50,download_error:HTTP Error 403: Forbidden
9a3261ac-2cca-4f03-a948-dfc4fd1237b0,download_error:HTTP Error 403: Forbidden
9b3b871c-6939-4645-bf60-67403117a8a5,download_error:HTTP Error 403: Forbidden
9b3bb567-948d-405b-a02f-71362e3beb5d,download_error:HTTP Error 403: Forbidden
9bec5008-144b-4c78-a3ed-41fa07fb22bb,download_error:HTTP Error 403: Forbidden
9cd604d8-e385-4836-b99e-7b59a024b0ac,download_error:HTTP Error 403: Forbidden
9e8a03c9-18be-49c3-8542-6e256db9dfc5,download_error:HTTP Error 403: Forbidden
9f72f359-b418-452b-852c-b3bb25dd6080,download_error:HTTP Error 403: Forbidden
a09fa57a-9d52-4f54-8e1a-4163bbab6a70,download_error:HTTP Error 403: Forbidden
a0cc0ed6-2912-484e-a03c-2171243e9a3d,download_error:HTTP Error 403: Forbidden
a17f1be8-8512-4f3e-9b0d-a178049384e1,download_error:HTTP Error 403: Forbidden
a1d9d3b1-aece-462e-92b9-9335bd90ef17,download_error:HTTP Error 403: Forbidden
a260f645-d082-4cdf-9697-78d9d87d3737,download_error:HTTP Error 403: Forbidden
a31c6983-9a1c-4dd5-8d7a-731e0d5931cd,download_error:HTTP Error 403: Forbidden
a3c5e66a-e7d4-4ad8-ba19-e2c476984e68,download_error:HTTP Error 403: Forbidden
a48d9607-457e-440d-8e02-17615c70011a,download_error:HTTP Error 403: Forbidden
a4b83474-2a98-42ec-b4da-474298b00615,download_error:HTTP Error 403: Forbidden
a4cf6fb6-212f-425f-9ab2-02f4e331b013,download_error:HTTP Error 403: Forbidden
a5003a2e-157e-43e4-a034-da57be95b7c5,download_error:HTTP Error 403: Forbidden
a52bd8e8-4101-4c11-8a1f-735ff1253ed3,download_error:HTTP Error 403: Forbidden
a694d770-d18a-4cf8-a992-18510c4c40fa,download_error:HTTP Error 403: Forbidden
a98181c8-7a92-4f34-947e-a56eb9ed60e1,download_error:HTTP Error 403: Forbidden
ab1d0f73-a787-46af-af3a-bedffab2fb03,download_error:HTTP Error 403: Forbidden
add562a1-d690-4581-9702-d1a2315f5bc8,download_error:HTTP Error 403: Forbidden
aea8c4e5-f0cb-44f0-b804-e7317555aee6,download_error:HTTP Error 403: Forbidden
afc4c8cb-e629-451e-988b-4a65c9219b90,download_error:HTTP Error 403: Forbidden
aff75ef5-f008-425e-954c-641f69050061,download_error:HTTP Error 403: Forbidden
b08d4e1b-58c2-403d-8340-7ff16091f07b,download_error:HTTP Error 403: Forbidden
b0a178e1-ae7f-4d0a-8776-478dcd117e18,download_error:HTTP Error 403: Forbidden
b0f64057-5b8f-4f02-9b73-c256a11422cc,download_error:HTTP Error 403: Forbidden
b0fbcc4d-c7db-490d-8d79-ab19f167485d,download_error:HTTP Error 403: Forbidden
b13b3b68-99c2-4da1-9be3-6b9f45442fd5,download_error:HTTP Error 403: Forbidden
b21370cd-43dc-4eef-81af-1696f2f65d85,download_error:HTTP Error 403: Forbidden
b292f6d8-045b-4bab-aa63-e7d529ef757c,download_error:HTTP Error 403: Forbidden
b2a3da28-8c51-41d1-b59c-02bb06393928,download_error:HTTP Error 403: Forbidden
b2ce9b8b-e1f5-47e9-bada-cd3ca7dac902,download_error:HTTP Error 403: Forbidden
b34f3fc3-daf7-463e-8cfe-6b4d11fe5b48,download_error:HTTP Error 403: Forbidden
b425e409-260b-489f-9203-30756fbfd47b,download_error:HTTP Error 403: Forbidden
b43f040f-d681-4a51-a411-62012177e840,download_error:HTTP Error 403: Forbidden
b45a3b56-97e6-4242-9e11-04163add90cc,download_error:HTTP Error 403: Forbidden
b5436bd2-5a80-41bd-bc9e-fa5da0420d78,download_error:HTTP Error 403: Forbidden
b568134d-52bd-41cf-b073-68b725babf60,download_error:HTTP Error 403: Forbidden
b5b6ac5e-3a00-4f70-8de4-e2afc8b76b08,download_error:HTTP Error 403: Forbidden
b5e2d93d-fd41-4f1a-b9f7-be38dd78a874,download_error:HTTP Error 403: Forbidden
b7e25783-41f0-4778-86a3-d900ad057826,download_error:HTTP Error 403: Forbidden
b8111ef1-6009-424f-8bfb-b7419ff00bdc,download_error:HTTP Error 403: Forbidden
b93ef89d-efd0-4828-a819-7d7e93329584,download_error:HTTP Error 403: Forbidden
b9d5c6f5-d36f-4fd3-9e60-d5fbc56cc41f,download_error:HTTP Error 403: Forbidden
ba7f8af4-71e9-4526-91a7-a7f191f21719,download_error:HTTP Error 403: Forbidden
bac91621-3469-4ab9-aaef-31f49cf3fa89,download_error:HTTP Error 403: Forbidden
bbd0b76e-1ca0-434c-bb14-9a101dee13e4,download_error:HTTP Error 403: Forbidden
bd64abb1-f20e-4cd0-80b4-33b7a435a06c,download_error:HTTP Error 403: Forbidden
bd722f33-c8de-4583-9a02-6268d5880d84,download_error:HTTP Error 403: Forbidden
bdeb48d4-765d-425b-989f-700508786ceb,download_error:HTTP Error 403: Forbidden
bf5c6169-3a66-42e7-95f7-8f42ff4f61bd,download_error:HTTP Error 403: Forbidden
bff616e8-22fe-4446-9140-42b575c82f4f,download_error:HTTP Error 403: Forbidden
c3bfc5ec-f3de-4771-8126-01b17ca0a8c0,download_error:HTTP Error 403: Forbidden
c775f918-16c8-4f83-9141-2f399fff7b9b,download_error:HTTP Error 403: Forbidden
c8fed9a7-716b-4e80-a3a7-db6b92dc7d68,download_error:HTTP Error 403: Forbidden
ca2af851-52db-49ae-9853-2f13d70a4083,download_error:HTTP Error 403: Forbidden
ca7fcc66-9beb-44cb-8802-c56318c0825e,download_error:HTTP Error 403: Forbidden
cb87d11f-647a-44b3-a06d-33b2edb244de,download_error:HTTP Error 403: Forbidden
cd1af060-bb99-4c9f-a21e-46758e943ba3,download_error:HTTP Error 403: Forbidden
cf2b41c4-67a4-4a13-93ea-149c0ec71683,download_error:HTTP Error 403: Forbidden
cfbbfc44-58c8-4245-a1e0-f3f340a4ec5a,download_error:HTTP Error 403: Forbidden
d12fb5db-4a30-4b42-ac53-36806193e1c4,download_error:HTTP Error 403: Forbidden
d1dbee89-c675-4b4e-8043-598edbf74f58,download_error:HTTP Error 403: Forbidden
d2d7ffb5-3024-41b1-b8cb-7982001ea71c,download_error:HTTP Error 403: Forbidden
d3bafb69-bb81-4195-9c66-5a7ef60bfe3c,download_error:HTTP Error 403: Forbidden
d61484e5-4936-42d8-b6c2-3e1e6bb2980a,download_error:HTTP Error 403: Forbidden
d6718403-7fc2-4562-be30-f31716d48d74,download_error:HTTP Error 403: Forbidden
d7371c92-9be7-4df5-924b-67c31ad0d5fc,download_error:HTTP Error 403: Forbidden
d76f677c-f3e6-41fe-b1b0-c40f221f1e42,download_error:HTTP Error 403: Forbidden
d8aa2ada-17cb-473d-bd1d-a724d0d8b438,download_error:HTTP Error 403: Forbidden
d8c4352d-8d66-4581-ac20-324f0e18ad31,download_error:HTTP Error 403: Forbidden
dd766f5b-38b7-454a-8dca-936a7a66d021,download_error:HTTP Error 403: Forbidden
e0522501-b9ff-4cfd-891e-5708d48b3be3,download_error:HTTP Error 403: Forbidden
e125ec05-918a-4418-b1d7-4df9af455c43,download_error:HTTP Error 403: Forbidden
e2c97812-afa7-46f1-9bea-11ec163b25b1,download_error:HTTP Error 403: Forbidden
e2ee2388-06b0-426d-a3cc-412fc29016d4,download_error:HTTP Error 403: Forbidden
e36db51e-2528-4f8a-9311-0187ec8640eb,download_error:HTTP Error 403: Forbidden
e3adcc92-b340-4b72-8c56-70684ff3e04b,download_error:HTTP Error 403: Forbidden
e459efdc-8e73-4f6e-8d12-ec49a1609de2,download_error:HTTP Error 403: Forbidden
e45e6660-ebf1-4f51-a50d-e9b5ad65dfc9,download_error:HTTP Error 403: Forbidden
e4970b23-db21-4a68-b5f4-7315473b64af,download_error:HTTP Error 403: Forbidden
e5528d06-5bc8-4576-af70-694b80718bc9,download_error:HTTP Error 403: Forbidden
e87f1b1d-235c-4ce2-85bd-b8139bc57ac1,download_error:HTTP Error 403: Forbidden
e8ef7058-f3f4-4bcd-8f9c-66d9e6750c64,download_error:HTTP Error 403: Forbidden
e95f98fe-9647-4853-8249-8591f4c3328c,download_error:HTTP Error 403: Forbidden
ebf517d1-ce55-46dd-afbc-a5526029bad0,download_error:HTTP Error 403: Forbidden
ec64771a-71ff-4e12-a0b1-021c4237ff6e,download_error:HTTP Error 403: Forbidden
ed134d6a-67ad-4818-9074-1af9e615a50d,download_error:HTTP Error 403: Forbidden
ee85610a-f1aa-43bf-ac31-94b911fd0587,download_error:HTTP Error 403: Forbidden
ef14d5c7-efe7-4c47-9613-4b9d2889a29b,download_error:HTTP Error 403: Forbidden
ef9ce1a3-64a9-4158-8aa2-76de87f98527,download_error:HTTP Error 403: Forbidden
f1e2760f-c458-4e2e-8f9e-a75f61f8bcfd,download_error:HTTP Error 403: Forbidden
f368f84d-376f-4e91-b4e0-5e5442dea914,download_error:HTTP Error 403: Forbidden
f40c446d-5560-4bbe-a82a-5d986ce3c9c5,download_error:HTTP Error 403: Forbidden
f4e9f576-e169-4047-a8b7-d83baa984315,download_error:HTTP Error 403: Forbidden
f51e1205-7427-4788-920a-441ea8c15728,download_error:HTTP Error 403: Forbidden
f5c2acf5-800c-4f6b-bad5-fe2e09c5e9be,download_error:HTTP Error 403: Forbidden
f690dd92-49ad-42f8-b1de-441b290bdec0,download_error:HTTP Error 403: Forbidden
f6d51d71-bfb8-40cc-aab7-986def6ae81c,download_error:HTTP Error 403: Forbidden
f9772b74-5d13-447d-b9f7-1e1b6ed0f1a5,download_error:HTTP Error 403: Forbidden
fa443130-8bdf-457a-80b8-357ddee93d56,download_error:HTTP Error 403: Forbidden
fa4bf328-d1ad-4f16-8b49-2138c5ccbcbf,download_error:HTTP Error 403: Forbidden
fb18d4f3-c212-46a7-b963-5ecd03ffa0f7,download_error:HTTP Error 403: Forbidden
fb4d5523-57e0-45dc-ba03-fb232e94169f,download_error:HTTP Error 403: Forbidden
fc73d6b7-0620-4807-b7ba-0b0cb18b3666,download_error:HTTP Error 403: Forbidden
fd113a93-02e8-4a3d-a2d1-3c5ac8353116,download_error:HTTP Error 403: Forbidden
fd23f9b3-65d9-46c0-81ef-03278148c45f,download_error:HTTP Error 403: Forbidden
fea7b621-de45-4ce4-9ec2-17391286c054,download_error:HTTP Error 403: Forbidden
