wp_id,id_numero,r2_key,wp_src,esito,dettaglio
6332,OEL-20,numeri/6332.jpg,http://www.ombreeluci.it/wp-content/uploads/2017/10/Copertina_OeL_20_1987.jpg,dry-run,
7097,OEL-27,numeri/7097.jpg,http://www.ombreeluci.it/wp-content/uploads/2017/10/Copertina_OeL_27_1989.jpg,dry-run,
7187,OEL-28,numeri/7187.jpg,http://www.ombreeluci.it/wp-content/uploads/2017/10/Copertina_OeL_28_1989.jpg,dry-run,
6972,OEL-26,numeri/6972.jpg,http://www.ombreeluci.it/wp-content/uploads/2017/10/Copertina_OeL_26_1989.jpg,dry-run,
517,OEL-3,numeri/517.jpg,http://www.ombreeluci.it/wp-content/uploads/2017/10/3.jpeg,dry-run,
543,OEL-1,numeri/543.jpg,http://www.ombreeluci.it/wp-content/uploads/2017/10/1-1.jpg,dry-run,
548,OEL-2,numeri/548.jpg,http://www.ombreeluci.it/wp-content/uploads/2017/10/2-1.jpg,dry-run,
10187,ombre-e-luci-n-52-sacramenti-segni-di-gesu-per-noi,numeri/10187.jpg,http://www.ombreeluci.it/wp-content/uploads/2017/10/Copertina_OeL_52_1995.jpg,dry-run,
592,OEL-4,numeri/592.jpg,http://www.ombreeluci.it/wp-content/uploads/2017/10/3-1.jpg,dry-run,
794,OEL-5,numeri/794.jpg,http://www.ombreeluci.it/wp-content/uploads/2017/10/5-1.jpg,dry-run,
1040,OEL-6,numeri/1040.jpg,http://www.ombreeluci.it/wp-content/uploads/2017/10/6-1.jpg,dry-run,
1984,OEL-7,numeri/1984.jpg,http://www.ombreeluci.it/wp-content/uploads/2017/10/Copertina_OeL_7_1984.jpg,dry-run,
2016,OEL-8,numeri/2016.jpg,http://www.ombreeluci.it/wp-content/uploads/2017/10/Copertina_OeL_8_1984.jpg,dry-run,
2022,OEL-9,numeri/2022.jpg,http://www.ombreeluci.it/wp-content/uploads/2017/10/Copertina_OeL_9_1985.jpg,dry-run,
2024,OEL-10,numeri/2024.jpg,http://www.ombreeluci.it/wp-content/uploads/2017/10/Copertina_OeL_10_1985.jpg,dry-run,
3331,OEL-139,numeri/3331.jpg,http://www.ombreeluci.it/wp-content/uploads/2017/10/Copertina_OeL_139_2017.jpg,dry-run,
3619,OEL-132,numeri/3619.jpg,http://www.ombreeluci.it/wp-content/uploads/2017/10/Copertina_OeL_132_2015.jpg,dry-run,
3801,OEL-131,numeri/3801.jpg,http://www.ombreeluci.it/wp-content/uploads/2017/10/Copertina_OeL_131_2015.jpg,dry-run,
3854,OEL-130,numeri/3854.jpg,http://www.ombreeluci.it/wp-content/uploads/2017/10/Copertina_OeL_130_2015.jpg,dry-run,
4968,OEL-14,numeri/4968.jpg,http://www.ombreeluci.it/wp-content/uploads/2017/10/Copertina_OeL_14_1986.jpg,dry-run,
4760,OEL-13,numeri/4760.jpg,http://www.ombreeluci.it/wp-content/uploads/2017/12/oel11-001-cover.jpg,dry-run,
4986,OEL-11,numeri/4986.jpg,http://www.ombreeluci.it/wp-content/uploads/2017/10/Copertina_OeL_11_1985.jpg,dry-run,
5112,OEL-12,numeri/5112.jpg,http://www.ombreeluci.it/wp-content/uploads/2017/10/Copertina_OeL_12_1985.jpg,dry-run,
5232,OEL-140,numeri/5232.jpg,http://www.ombreeluci.it/wp-content/uploads/2018/01/Copertina_OeL_140_2017.jpg,dry-run,
5557,OEL-15,numeri/5557.jpg,http://www.ombreeluci.it/wp-content/uploads/2017/10/Copertina_OeL_15_1986.jpg,dry-run,
5888,OEL-17,numeri/5888.jpg,http://www.ombreeluci.it/wp-content/uploads/2017/10/Copertina_OeL_17_1987.jpg,dry-run,
5731,OEL-16,numeri/5731.jpg,http://www.ombreeluci.it/wp-content/uploads/2017/10/Copertina_OeL_16_1986.jpg,dry-run,
5895,OEL-18,numeri/5895.jpg,http://www.ombreeluci.it/wp-content/uploads/2017/10/Copertina_OeL_18_1987.jpg,dry-run,
6100,OEL-19,numeri/6100.jpg,http://www.ombreeluci.it/wp-content/uploads/2017/10/Copertina_OeL_19_1987.jpg,dry-run,
6554,OEL-21,numeri/6554.jpg,http://www.ombreeluci.it/wp-content/uploads/2017/10/Copertina_OeL_21_1988.jpg,dry-run,
6626,OEL-22,numeri/6626.jpg,http://www.ombreeluci.it/wp-content/uploads/2017/10/Copertina_OeL_22_1988.jpg,dry-run,
6702,OEL-23,numeri/6702.jpg,http://www.ombreeluci.it/wp-content/uploads/2017/10/Copertina_OeL_23_1988.jpg,dry-run,
6757,OEL-24,numeri/6757.jpg,http://www.ombreeluci.it/wp-content/uploads/2017/10/Copertina_OeL_24_1988.jpg,dry-run,
6874,OEL-25,numeri/6874.jpg,http://www.ombreeluci.it/wp-content/uploads/2017/10/Copertina_OeL_25_1989.jpg,dry-run,
7300,OEL-29,numeri/7300.jpg,http://www.ombreeluci.it/wp-content/uploads/2017/10/Copertina_OeL_29_1990.jpg,dry-run,
7415,ombre-e-luci-n-30,numeri/7415.jpg,http://www.ombreeluci.it/wp-content/uploads/2017/10/Copertina_OeL_30_1990.jpg,dry-run,
8164,OEL-34,numeri/8164.jpg,http://www.ombreeluci.it/wp-content/uploads/2017/10/Copertina_OeL_34_1991.jpg,dry-run,
7670,OEL-31,numeri/7670.jpg,http://www.ombreeluci.it/wp-content/uploads/2017/10/Copertina_OeL_31_1990.jpg,dry-run,
8012,OEL-33,numeri/8012.jpg,http://www.ombreeluci.it/wp-content/uploads/2017/10/Copertina_OeL_33_1991.jpg,dry-run,
7717,OEL-141,numeri/7717.jpg,http://www.ombreeluci.it/wp-content/uploads/2018/04/Copertina_OeL_141_2018.jpg,dry-run,
7899,OEL-32,numeri/7899.jpg,http://www.ombreeluci.it/wp-content/uploads/2017/10/Copertina_OeL_32_1990.jpg,dry-run,
8403,OEL-36,numeri/8403.jpg,http://www.ombreeluci.it/wp-content/uploads/2017/10/Copertina_OeL_36_1991.jpg,dry-run,
8340,OEL-35,numeri/8340.jpg,http://www.ombreeluci.it/wp-content/uploads/2017/10/Copertina_OeL_35_1991.jpg,dry-run,
8845,OEL-40,numeri/8845.jpg,http://www.ombreeluci.it/wp-content/uploads/2017/10/Copertina_OeL_40_1992.jpg,dry-run,
8574,OEL-37,numeri/8574.jpg,http://www.ombreeluci.it/wp-content/uploads/2017/10/Copertina_OeL_37_1992.jpg,dry-run,
8663,OEL-38,numeri/8663.jpg,http://www.ombreeluci.it/wp-content/uploads/2017/10/Copertina_OeL_38_1992.jpg,dry-run,
8751,OEL-39,numeri/8751.jpg,http://www.ombreeluci.it/wp-content/uploads/2017/10/Copertina_OeL_39_1992.jpg,dry-run,
8954,OEL-41,numeri/8954.jpg,http://www.ombreeluci.it/wp-content/uploads/2017/10/Copertina_OeL_41_1993.jpg,dry-run,
9057,OEL-42,numeri/9057.jpg,http://www.ombreeluci.it/wp-content/uploads/2017/10/Copertina_OeL_42_1993.jpg,dry-run,
9365,OEL-44,numeri/9365.jpg,http://www.ombreeluci.it/wp-content/uploads/2017/10/Copertina_OeL_44_1993.jpg,dry-run,
9182,OEL-43,numeri/9182.jpg,http://www.ombreeluci.it/wp-content/uploads/2017/10/Copertina_OeL_43_1993.jpg,dry-run,
9519,OEL-45,numeri/9519.jpg,http://www.ombreeluci.it/wp-content/uploads/2017/10/Copertina_OeL_45_1994.jpg,dry-run,
9443,OEL-142,numeri/9443.jpg,http://www.ombreeluci.it/wp-content/uploads/2018/07/Copertina_OeL_142_2018-1.jpg,dry-run,
9613,ombre-e-luci-n-46-andiamo-a-giocare,numeri/9613.jpg,http://www.ombreeluci.it/wp-content/uploads/2017/10/Copertina_OeL_46_1994.jpg,dry-run,
9679,ombre-e-luci-n-47-non-escludiamoli-dalla-nostra-vita,numeri/9679.jpg,http://www.ombreeluci.it/wp-content/uploads/2017/10/Copertina_OeL_47_1994.jpg,dry-run,
9760,OEL-48,numeri/9760.jpg,http://www.ombreeluci.it/wp-content/uploads/2017/10/Copertina_OeL_48_1994.jpg,dry-run,
9882,OEL-49,numeri/9882.jpg,http://www.ombreeluci.it/wp-content/uploads/2017/10/Copertina_OeL_49_1995.jpg,dry-run,
9995,OEL-50,numeri/9995.jpg,http://www.ombreeluci.it/wp-content/uploads/2017/10/Copertina_OeL_50_1995.jpg,dry-run,
10118,OEL-51,numeri/10118.jpg,http://www.ombreeluci.it/wp-content/uploads/2017/10/Copertina_OeL_51_1995.jpg,dry-run,
10191,ombre-e-luci-n-53-le-nostre-mani-unite-dai-piu-piccoli,numeri/10191.jpg,http://www.ombreeluci.it/wp-content/uploads/2017/10/Copertina_OeL_53_1996.jpg,dry-run,
10313,OEL-143,numeri/10313.jpg,http://www.ombreeluci.it/wp-content/uploads/2018/11/Copertina_OeL_142_2018.jpg,dry-run,
10584,ombre-e-luci-n-54-anche-loro-hanno-una-propria-storia,numeri/10584.jpg,http://www.ombreeluci.it/wp-content/uploads/2017/10/Copertina_OeL_54_1996.jpg,dry-run,
10789,ombre-e-luci-n-55-il-mistero-del-bambino-autistico,numeri/10789.jpg,http://www.ombreeluci.it/wp-content/uploads/2017/10/Copertina_OeL_55_1996.jpg,dry-run,
11017,OEL-144,numeri/11017.jpg,http://www.ombreeluci.it/wp-content/uploads/2019/01/Copertina_OeL_144_2018.jpg,dry-run,
11065,ombre-e-luci-56-fratelli-e-sorelle-vicini-ma-non-prigionieri,numeri/11065.jpg,http://www.ombreeluci.it/wp-content/uploads/2017/10/Copertina_OeL_56_1996.jpg,dry-run,
11228,ombre-e-luci-n-57-buona-pasqua,numeri/11228.jpg,http://www.ombreeluci.it/wp-content/uploads/2017/10/Copertina_OeL_57_1997.jpg,dry-run,
11229,ombre-e-luci-n-58-e-possibile,numeri/11229.jpg,http://www.ombreeluci.it/wp-content/uploads/2017/10/Copertina_OeL_58_1997.jpg,dry-run,
11231,ombre-e-luci-n-60-tenerezza-in-piu-i-nonni,numeri/11231.jpg,http://www.ombreeluci.it/wp-content/uploads/2017/10/Copertina_OeL_60_1997.jpg,dry-run,
11232,ombre-e-luci-n-59-jean-vanier-premio-paolo-vi-la-loro-vita-nei-film,numeri/11232.jpg,http://www.ombreeluci.it/wp-content/uploads/2017/10/Copertina_OeL_59_1997.jpg,dry-run,
11574,OEL-128,numeri/11574.jpg,http://www.ombreeluci.it/wp-content/uploads/2017/10/Copertina_OeL_128_2014.jpg,dry-run,
11688,OEL-145,numeri/11688.jpg,http://www.ombreeluci.it/wp-content/uploads/2019/03/Copertina_OeL_145_2019.jpg,dry-run,
11954,ombre-e-luci-n-61-quella-lieve-disabilita,numeri/11954.jpg,http://www.ombreeluci.it/wp-content/uploads/2017/10/Copertina_OeL_61_1998.jpg,dry-run,
11962,ombre-e-luci-n-62-teatro-e-altre-invenzioni,numeri/11962.jpg,http://www.ombreeluci.it/wp-content/uploads/2017/10/Copertina_OeL_62_1998.jpg,dry-run,
11969,ombre-e-luci-n-63-il-melograno,numeri/11969.jpg,http://www.ombreeluci.it/wp-content/uploads/2017/10/Copertina_OeL_63_1998.jpg,dry-run,
11972,ombre-e-luci-n-64-alla-ricerca-di-chi-sa-accogliere,numeri/11972.jpg,http://www.ombreeluci.it/wp-content/uploads/2017/10/Copertina_OeL_64_1998.jpg,dry-run,
12336,ombre-e-luci-n-65,numeri/12336.jpg,http://www.ombreeluci.it/wp-content/uploads/2017/10/Copertina_OeL_65_1999.jpg,dry-run,
12346,ombre-e-luci-n-66-mangiare-e-un-problema,numeri/12346.jpg,http://www.ombreeluci.it/wp-content/uploads/2017/10/Copertina_OeL_66_1999.jpg,dry-run,
12351,ombre-e-luci-n-67-verso-la-maturita,numeri/12351.jpg,http://www.ombreeluci.it/wp-content/uploads/2017/10/Copertina_OeL_67_1999.jpg,dry-run,
12353,ombre-e-luci-n-68-per-loro-non-ce-posto,numeri/12353.jpg,http://www.ombreeluci.it/wp-content/uploads/2017/10/Copertina_OeL_68_1999.jpg,dry-run,
12453,OEL-146,numeri/12453.jpg,http://www.ombreeluci.it/wp-content/uploads/2019/07/OL-146-Jean.jpg,dry-run,
13166,OEL-147,numeri/13166.jpg,http://www.ombreeluci.it/wp-content/uploads/2019/10/OL-147.jpg,dry-run,
14722,OEL-148,numeri/14722.jpg,http://www.ombreeluci.it/wp-content/uploads/2019/12/OL148.jpg,dry-run,
16222,OEL-149,numeri/16222.jpg,https://www.ombreeluci.it/wp-content/uploads/2020/02/OL-149.jpg,dry-run,
16961,OEL-69,numeri/16961.jpg,http://www.ombreeluci.it/wp-content/uploads/2017/10/Copertina_OeL_69_2000.jpg,dry-run,
16972,OEL-70,numeri/16972.jpg,http://www.ombreeluci.it/wp-content/uploads/2017/10/Copertina_OeL_70_2000.jpg,dry-run,
16977,OEL-71,numeri/16977.jpg,http://www.ombreeluci.it/wp-content/uploads/2017/10/Copertina_OeL_71_2000.jpg,dry-run,
16982,OEL-72,numeri/16982.jpg,http://www.ombreeluci.it/wp-content/uploads/2017/10/Copertina_OeL_72_2000.jpg,dry-run,
18271,OEL-150,numeri/18271.jpg,https://www.ombreeluci.it/wp-content/uploads/2020/05/OL-150-small.jpg,dry-run,
19547,OEL-73,numeri/19547.jpg,http://www.ombreeluci.it/wp-content/uploads/2017/10/Copertina_OeL_73_2001.jpg,dry-run,
19571,OEL-74,numeri/19571.jpg,http://www.ombreeluci.it/wp-content/uploads/2017/10/Copertina_OeL_74_2001.jpg,dry-run,
19585,OEL-75,numeri/19585.jpg,http://www.ombreeluci.it/wp-content/uploads/2017/10/Copertina_OeL_75_2001.jpg,dry-run,
19589,OEL-76,numeri/19589.jpg,http://www.ombreeluci.it/wp-content/uploads/2017/10/Copertina_OeL_76_2001.jpg,dry-run,
20005,INS--1,numeri/20005.jpg,https://www.ombreeluci.it/wp-content/uploads/2020/06/insieme1.jpg,dry-run,
20547,INS-2,numeri/20547.jpg,https://www.ombreeluci.it/wp-content/uploads/1974/08/cover-Insieme-n.2-1974-Bollettino-Fede-e-Luce.jpg,dry-run,
20889,OEL-151,numeri/20889.jpg,https://www.ombreeluci.it/wp-content/uploads/2020/07/OL-151-Copertina.jpg,dry-run,
20976,INS-4,numeri/20976.jpg,https://www.ombreeluci.it/wp-content/uploads/1975/02/insieme4.jpg,dry-run,
20986,INS-6,numeri/20986.jpg,https://www.ombreeluci.it/wp-content/uploads/1975/12/insieme-n-6.webp,dry-run,
21531,INS-5,numeri/21531.jpg,https://www.ombreeluci.it/wp-content/uploads/1975/05/insieme5.jpg,dry-run,
22939,ombre-e-luci-n-77-lasciami-diventare-grande,numeri/22939.jpg,http://www.ombreeluci.it/wp-content/uploads/2017/10/Copertina_OeL_77_2002.jpg,dry-run,
22948,ombre-e-luci-n-78-buone-vacanze,numeri/22948.jpg,http://www.ombreeluci.it/wp-content/uploads/2017/10/Copertina_OeL_78_2002.jpg,dry-run,
23050,ombre-e-luci-n-81-speciale-fede-e-luce-2003,numeri/23050.jpg,http://www.ombreeluci.it/wp-content/uploads/2017/10/Copertina_OeL_81_2003.jpg,dry-run,
22953,ombre-e-luci-n-79-il-passo-sicuro-della-speranza,numeri/22953.jpg,http://www.ombreeluci.it/wp-content/uploads/2017/10/Copertina_OeL_79_2002.jpg,dry-run,
22962,ombre-e-luci-n-80,numeri/22962.jpg,http://www.ombreeluci.it/wp-content/uploads/2017/10/Copertina_OeL_80_2002.jpg,dry-run,
23036,OEL-152,numeri/23036.jpg,https://www.ombreeluci.it/wp-content/uploads/2020/11/Copertina_OeL_152_2020.jpg,dry-run,
23058,ombre-e-luci-n-82-parlami-damore,numeri/23058.jpg,http://www.ombreeluci.it/wp-content/uploads/2017/10/Copertina_OeL_82_2003.jpg,dry-run,
23065,ombre-e-luci-n-83-crescere-insieme-a-scuola-e-al-lavoro,numeri/23065.jpg,http://www.ombreeluci.it/wp-content/uploads/2017/10/Copertina_OeL_83_2003.jpg,dry-run,
23074,ombre-e-luci-n-84-lettere-di-natale,numeri/23074.jpg,http://www.ombreeluci.it/wp-content/uploads/2017/10/Copertina_OeL_84_2003.jpg,dry-run,
24343,OEL-153,numeri/24343.jpg,https://www.ombreeluci.it/wp-content/uploads/2021/03/OL-153-sd.jpg,dry-run,
25811,OEL-154,numeri/25811.jpg,https://www.ombreeluci.it/wp-content/uploads/2021/06/Copertina_OeL_154_2021.jpg,dry-run,
26207,INS-7,numeri/26207.jpg,https://www.ombreeluci.it/wp-content/uploads/2021/07/cover-insieme-n.7.jpg,dry-run,
27099,ombre-e-luci-n-85-ecco-io-faccio-nuove-tutte-le-cose,numeri/27099.jpg,http://www.ombreeluci.it/wp-content/uploads/2017/10/Copertina_OeL_85_2004.jpg,dry-run,
27106,ombre-e-luci-n-86,numeri/27106.jpg,http://www.ombreeluci.it/wp-content/uploads/2017/10/Copertina_OeL_86_2004.jpg,dry-run,
27114,ombre-e-luci-n-87-diventare-amico-di-una-persona-significa-scoprirne-il-mistero,numeri/27114.jpg,http://www.ombreeluci.it/wp-content/uploads/2017/10/Copertina_OeL_87_2004.jpg,dry-run,
27120,ombre-e-luci-n-88,numeri/27120.jpg,http://www.ombreeluci.it/wp-content/uploads/2017/10/Copertina_OeL_88_2004.jpg,dry-run,
27130,ombre-e-luci-n-89,numeri/27130.jpg,http://www.ombreeluci.it/wp-content/uploads/2017/10/Copertina_OeL_89_2005.jpg,dry-run,
27138,ombre-e-luci-n-90-buone-vacanze,numeri/27138.jpg,http://www.ombreeluci.it/wp-content/uploads/2017/10/Copertina_OeL_90_2005.jpg,dry-run,
27143,ombre-e-luci-n-91-con-gli-altri-nella-scuola-e-nello-sport,numeri/27143.jpg,http://www.ombreeluci.it/wp-content/uploads/2017/10/Copertina_OeL_91_2005.jpg,dry-run,
27152,ombre-e-luci-n-92-noi-papa,numeri/27152.jpg,http://www.ombreeluci.it/wp-content/uploads/2017/10/Copertina_OeL_92_2005.jpg,dry-run,
27162,ombre-e-luci-n-93-la-forza-della-tenerezza,numeri/27162.jpg,http://www.ombreeluci.it/wp-content/uploads/2017/10/Copertina_OeL_93_2006.jpg,dry-run,
27167,ombre-e-luci-n-94-unattesa-difficile,numeri/27167.jpg,http://www.ombreeluci.it/wp-content/uploads/2017/10/Copertina_OeL_94_2006.jpg,dry-run,
27172,ombre-e-luci-n-95-domande-sulla-persona-down,numeri/27172.jpg,http://www.ombreeluci.it/wp-content/uploads/2017/10/Copertina_OeL_95_2006.jpg,dry-run,
27179,ombre-e-luci-n-96-2006-cosi-lontani-cosi-vicini,numeri/27179.jpg,http://www.ombreeluci.it/wp-content/uploads/2017/10/Copertina_OeL_96_2006.jpg,dry-run,
27190,ombre-e-luci-n-97-iperattivita,numeri/27190.jpg,http://www.ombreeluci.it/wp-content/uploads/2017/10/Copertina_OeL_97_2007.jpg,dry-run,
27195,ombre-e-luci-n-98-concorso-fotografico-legami,numeri/27195.jpg,http://www.ombreeluci.it/wp-content/uploads/2017/10/Copertina_OeL_98_2007.jpg,dry-run,
27201,ombre-e-luci-n-99-parlami-di-lui,numeri/27201.jpg,http://www.ombreeluci.it/wp-content/uploads/2017/10/Copertina_OeL_99_2007.jpg,dry-run,
27205,ombre-e-luci-n-100-centesimo-numero,numeri/27205.jpg,http://www.ombreeluci.it/wp-content/uploads/2017/10/Copertina_OeL_100_2007.jpg,dry-run,
27262,OEL-155,numeri/27262.jpg,https://www.ombreeluci.it/wp-content/uploads/2021/09/Copertina_OeL_155_2021.jpg,dry-run,
27812,OEL-156,numeri/27812.jpg,https://www.ombreeluci.it/wp-content/uploads/2021/11/Copertina_OeL_156_2021.jpg,dry-run,
28259,OEL-157,numeri/28259.jpg,https://www.ombreeluci.it/wp-content/uploads/2022/03/Copertina_OeL_157_2022.jpg,dry-run,
28500,OEL-158,numeri/28500.jpg,https://www.ombreeluci.it/wp-content/uploads/2022/05/Copertina_OeL_158_2022.jpg,dry-run,
29082,OEL-159,numeri/29082.jpg,https://www.ombreeluci.it/wp-content/uploads/2022/08/Copertina_OeL_159_2022.jpg,dry-run,
29476,OEL-138,numeri/29476.jpg,http://www.ombreeluci.it/wp-content/uploads/2017/10/Copertina_OeL_138_2017.jpg,dry-run,
29483,OEL-137,numeri/29483.jpg,http://www.ombreeluci.it/wp-content/uploads/2017/10/Copertina_OeL_137_2017.jpg,dry-run,
29505,OEL-136,numeri/29505.jpg,http://www.ombreeluci.it/wp-content/uploads/2017/10/Copertina_OeL_136_2016.jpg,dry-run,
29513,OEL-135,numeri/29513.jpg,http://www.ombreeluci.it/wp-content/uploads/2017/10/Copertina_OeL_135_2016.jpg,dry-run,
29517,OEL-134,numeri/29517.jpg,http://www.ombreeluci.it/wp-content/uploads/2017/10/Copertina_OeL_134_2016.jpg,dry-run,
29531,OEL-133,numeri/29531.jpg,http://www.ombreeluci.it/wp-content/uploads/2017/10/Copertina_OeL_133_2016.jpg,dry-run,
29535,OEL-129,numeri/29535.jpg,http://www.ombreeluci.it/wp-content/uploads/2017/10/Copertina_OeL_129_2015.jpg,dry-run,
29545,OEL-127,numeri/29545.jpg,http://www.ombreeluci.it/wp-content/uploads/2017/10/Copertina_OeL_127_2014.jpg,dry-run,
29551,OEL-126,numeri/29551.jpg,http://www.ombreeluci.it/wp-content/uploads/2017/10/Copertina_OeL_126_2014.jpg,dry-run,
29553,OEL-125,numeri/29553.jpg,http://www.ombreeluci.it/wp-content/uploads/2017/10/Copertina_OeL_125_2014.jpg,dry-run,
29565,OEL-124,numeri/29565.jpg,http://www.ombreeluci.it/wp-content/uploads/2017/10/Copertina_OeL_124_2013.jpg,dry-run,
29567,OEL-123,numeri/29567.jpg,http://www.ombreeluci.it/wp-content/uploads/2017/10/Copertina_OeL_123_2013.jpg,dry-run,
29577,OEL-121,numeri/29577.jpg,http://www.ombreeluci.it/wp-content/uploads/2017/10/Copertina_OeL_121_2013.jpg,dry-run,
29575,OEL-122,numeri/29575.jpg,http://www.ombreeluci.it/wp-content/uploads/2017/10/Copertina_OeL_122_2013.jpg,dry-run,
29587,OEL-120,numeri/29587.jpg,http://www.ombreeluci.it/wp-content/uploads/2017/10/Copertina_OeL_120_2012.jpg,dry-run,
29588,OEL-119,numeri/29588.jpg,http://www.ombreeluci.it/wp-content/uploads/2017/10/Copertina_OeL_119_2012.jpg,dry-run,
29597,OEL-118,numeri/29597.jpg,http://www.ombreeluci.it/wp-content/uploads/2017/10/Copertina_OeL_118_2012.jpg,dry-run,
29599,OEL-117,numeri/29599.jpg,http://www.ombreeluci.it/wp-content/uploads/2017/10/Copertina_OeL_117_2012.jpg,dry-run,
29611,OEL-116,numeri/29611.jpg,http://www.ombreeluci.it/wp-content/uploads/2017/10/Copertina_OeL_116_2011.jpg,dry-run,
29615,OEL-115,numeri/29615.jpg,http://www.ombreeluci.it/wp-content/uploads/2017/10/Copertina_OeL_115_2011.jpg,dry-run,
29620,OEL-114,numeri/29620.jpg,http://www.ombreeluci.it/wp-content/uploads/2017/10/Copertina_OeL_114_2011.jpg,dry-run,
29627,OEL-113,numeri/29627.jpg,http://www.ombreeluci.it/wp-content/uploads/2017/10/Copertina_OeL_113_2011.jpg,dry-run,
29634,OEL-110,numeri/29634.jpg,http://www.ombreeluci.it/wp-content/uploads/2017/10/Copertina_OeL_110_2010.jpg,dry-run,
29639,OEL-112,numeri/29639.jpg,http://www.ombreeluci.it/wp-content/uploads/2017/10/Copertina_OeL_112_2010.jpg,dry-run,
29640,OEL-111,numeri/29640.jpg,http://www.ombreeluci.it/wp-content/uploads/2017/10/Copertina_OeL_111_2010.jpg,dry-run,
29666,OEL-108,numeri/29666.jpg,http://www.ombreeluci.it/wp-content/uploads/2017/10/Copertina_OeL_108_2009.jpg,dry-run,
29664,OEL-109,numeri/29664.jpg,http://www.ombreeluci.it/wp-content/uploads/2017/10/Copertina_OeL_109_2010.jpg,dry-run,
29674,OEL-107,numeri/29674.jpg,http://www.ombreeluci.it/wp-content/uploads/2017/10/Copertina_OeL_107_2009.jpg,dry-run,
29682,OEL-106,numeri/29682.jpg,http://www.ombreeluci.it/wp-content/uploads/2017/10/Copertina_OeL_106_2009.jpg,dry-run,
29691,OEL-105,numeri/29691.jpg,http://www.ombreeluci.it/wp-content/uploads/2017/10/Copertina_OeL_105_2009.jpg,dry-run,
29698,OEL-104,numeri/29698.jpg,http://www.ombreeluci.it/wp-content/uploads/2017/10/Copertina_OeL_104_2008.jpg,dry-run,
29714,OEL-102,numeri/29714.jpg,http://www.ombreeluci.it/wp-content/uploads/2017/10/Copertina_OeL_102_2008.jpg,dry-run,
29709,OEL-103,numeri/29709.jpg,http://www.ombreeluci.it/wp-content/uploads/2017/10/Copertina_OeL_103_2008.jpg,dry-run,
29716,OEL-101,numeri/29716.jpg,http://www.ombreeluci.it/wp-content/uploads/2017/10/Copertina_OeL_101_2008.jpg,dry-run,
33091,OEL-160,numeri/33091.jpg,https://www.ombreeluci.it/wp-content/uploads/2022/12/Copertina_OeL_160_2022.jpg,dry-run,
35299,OEL-161,numeri/35299.jpg,https://www.ombreeluci.it/wp-content/uploads/2023/03/Copertina_OeL_161_2023.jpg,dry-run,
40799,OEL-162,numeri/40799.jpg,https://www.ombreeluci.it/wp-content/uploads/2023/07/Ombre_e_Luci_162_2023.jpg,dry-run,
41698,INS-20,numeri/41698.jpg,https://www.ombreeluci.it/wp-content/uploads/2023/09/insieme-20-mar-1979.webp,dry-run,
41397,INS-3,numeri/41397.jpg,https://www.ombreeluci.it/wp-content/uploads/2023/09/insieme-n-3.webp,dry-run,
41508,INS-8,numeri/41508.jpg,https://www.ombreeluci.it/wp-content/uploads/2023/09/cover-insieme-n.webp,dry-run,
41517,INS-9,numeri/41517.jpg,https://www.ombreeluci.it/wp-content/uploads/2023/09/cover-insieme-n-1.webp,dry-run,
41522,INS-10,numeri/41522.jpg,https://www.ombreeluci.it/wp-content/uploads/2023/09/insieme-10-set-1976.jpg,dry-run,
41527,INS-11,numeri/41527.jpg,https://www.ombreeluci.it/wp-content/uploads/1976/09/insieme-11-ott-nov-dic-1976-def.jpg,dry-run,
41535,INS-12,numeri/41535.jpg,https://www.ombreeluci.it/wp-content/uploads/1976/12/Insieme-n-12.webp,dry-run,
41566,INS-13,numeri/41566.jpg,https://www.ombreeluci.it/wp-content/uploads/2023/09/insieme-13.webp,dry-run,
41579,INS-14,numeri/41579.jpg,https://www.ombreeluci.it/wp-content/uploads/2023/09/insieme-14.webp,dry-run,
41585,INS-15,numeri/41585.jpg,https://www.ombreeluci.it/wp-content/uploads/2023/09/insieme-15.webp,dry-run,
41592,INS-16,numeri/41592.jpg,https://www.ombreeluci.it/wp-content/uploads/2023/09/insieme-16.webp,dry-run,
41598,INS-17,numeri/41598.jpg,https://www.ombreeluci.it/wp-content/uploads/2023/09/insieme-17.webp,dry-run,
41604,INS-18,numeri/41604.jpg,https://www.ombreeluci.it/wp-content/uploads/2023/09/insieme-18.webp,dry-run,
41610,INS-19,numeri/41610.jpg,https://www.ombreeluci.it/wp-content/uploads/2023/09/insieme-19.webp,dry-run,
41669,OEL-163,numeri/41669.jpg,https://www.ombreeluci.it/wp-content/uploads/2023/09/Copertina_OeL_163_2023.jpg,dry-run,
41707,INS-21,numeri/41707.jpg,https://www.ombreeluci.it/wp-content/uploads/2023/09/insieme-21-giu-1979.webp,dry-run,
41714,INS-22,numeri/41714.jpg,https://www.ombreeluci.it/wp-content/uploads/2023/09/insieme-22-set-1979.webp,dry-run,
41720,INS-23,numeri/41720.jpg,https://www.ombreeluci.it/wp-content/uploads/2023/09/insieme-23-dic-1979.webp,dry-run,
41726,INS-24,numeri/41726.jpg,https://www.ombreeluci.it/wp-content/uploads/2023/09/insieme-24-mar-1980.webp,dry-run,
41733,INS-25,numeri/41733.jpg,https://www.ombreeluci.it/wp-content/uploads/2023/09/insieme-25-giu-1980.webp,dry-run,
41739,INS-26,numeri/41739.jpg,https://www.ombreeluci.it/wp-content/uploads/2023/09/insieme-26-set-1980.webp,dry-run,
41745,INS-27,numeri/41745.jpg,https://www.ombreeluci.it/wp-content/uploads/2023/09/insieme-27-dic-1980.webp,dry-run,
41756,INS-28,numeri/41756.jpg,https://www.ombreeluci.it/wp-content/uploads/2023/09/insieme-28-mar-1981.webp,dry-run,
41761,INS-29,numeri/41761.jpg,https://www.ombreeluci.it/wp-content/uploads/2023/09/insieme-29-giu-1981.webp,dry-run,
41770,INS-30,numeri/41770.jpg,https://www.ombreeluci.it/wp-content/uploads/2023/09/insieme-30-set-1981.webp,dry-run,
41777,INS--2,numeri/41777.jpg,https://www.ombreeluci.it/wp-content/uploads/2023/09/insieme-giallo-1979-1981.webp,dry-run,
42551,INS--3,numeri/42551.jpg,https://www.ombreeluci.it/wp-content/uploads/1976/05/Copertina_Insieme_Speciale_1981.webp,dry-run,
43064,OEL-164,numeri/43064.jpg,https://www.ombreeluci.it/wp-content/uploads/2023/12/COpertina_OeL_164_2023.jpg,dry-run,
43929,OEL-165,numeri/43929.jpg,https://www.ombreeluci.it/wp-content/uploads/2024/03/COpertina_OeL_165_2024.jpg,dry-run,
45235,OEL-166,numeri/45235.jpg,https://www.ombreeluci.it/wp-content/uploads/2024/07/Copertina_OeL_166_2024.jpg,dry-run,
45507,OEL-167,numeri/45507.jpg,https://www.ombreeluci.it/wp-content/uploads/2024/10/Copertina_OeL_167_2024.jpg,dry-run,
46079,OEL-168,numeri/46079.jpg,https://www.ombreeluci.it/wp-content/uploads/2024/12/Copertina_OeL_168_2024.jpg,dry-run,
48421,OEL-169,numeri/48421.jpg,https://www.ombreeluci.it/wp-content/uploads/2025/03/Copertina_OeL_169_2025.jpg,dry-run,
48433,OEL-170,numeri/48433.jpg,https://www.ombreeluci.it/wp-content/uploads/2025/05/Copertina_OeL_170_2025.jpg,dry-run,
15767967,OEL-171,numeri/15767967.jpg,https://www.ombreeluci.it/wp-content/uploads/2025/08/Copertina_OeL_171_2025.jpg,dry-run,
15768766,OEL-172,numeri/15768766.jpg,https://www.ombreeluci.it/wp-content/uploads/2025/12/Copertina_OeL_172_2025.jpg,dry-run,
