autore_slug,foto_uuid,r2_key,esito,dettaglio
serena-sillitto,6a70845f-c1c6-4870-96a5-cd3af94f0138,autori/6a70845f-c1c6-4870-96a5-cd3af94f0138,dry-run,
angela-grassi,e8fe2d83-1b6a-4797-b118-c24009bc332b,autori/e8fe2d83-1b6a-4797-b118-c24009bc332b,dry-run,
alejandra-del-mar-catapano,1324e099-e280-4c8c-9650-fa64974659c4,autori/1324e099-e280-4c8c-9650-fa64974659c4,dry-run,
rita-ozzimo,fe7cf223-99ec-48c1-8e89-747f7c631a65,autori/fe7cf223-99ec-48c1-8e89-747f7c631a65,dry-run,
mons-alberto-g-bochatey,47efac0c-06b7-4548-9d72-08d2249fd51d,autori/47efac0c-06b7-4548-9d72-08d2249fd51d,dry-run,
lucia-bertolini,dbd66d44-f4eb-486f-a331-0972132205fe,autori/dbd66d44-f4eb-486f-a331-0972132205fe,dry-run,
don-stefano-buttinoni,1af8f184-ea33-47c9-b66e-39e6a99a1e6e,autori/1af8f184-ea33-47c9-b66e-39e6a99a1e6e,dry-run,
stefano-artero,1a3f2240-f5fa-4d5e-8795-6a4a883a9cda,autori/1a3f2240-f5fa-4d5e-8795-6a4a883a9cda,dry-run,
fabio-bronzini,05e453e7-6029-4377-8295-76f2a8281a77,autori/05e453e7-6029-4377-8295-76f2a8281a77,dry-run,
chiara-gatti,fadcca69-6e04-4baa-948d-d6898e1889f2,autori/fadcca69-6e04-4baa-948d-d6898e1889f2,dry-run,
benedetta-bertolini,3b8fbe8a-ff8c-4dd8-811d-76524f0638db,autori/3b8fbe8a-ff8c-4dd8-811d-76524f0638db,dry-run,
marco-bove,c419af04-b0b7-490f-8ddc-db939ca34e67,autori/c419af04-b0b7-490f-8ddc-db939ca34e67,dry-run,
redazione,cd64a940-61ff-4bfe-b424-b5a4cb31eb5d,autori/cd64a940-61ff-4bfe-b424-b5a4cb31eb5d,dry-run,
mariangela-bertolini,589eebe0-4bb8-46c6-9089-bf12b1c7a59a,autori/589eebe0-4bb8-46c6-9089-bf12b1c7a59a,dry-run,
alessandro-de-simone,ceda17d3-e4cf-4763-89c4-9e688f92b89e,autori/ceda17d3-e4cf-4763-89c4-9e688f92b89e,dry-run,
nicole-schulthes,d694f218-10d0-4cf8-9e14-f9c3051aeb08,autori/d694f218-10d0-4cf8-9e14-f9c3051aeb08,dry-run,
pietro-vetro,979fe897-d187-4d08-b635-d31fe441bb11,autori/979fe897-d187-4d08-b635-d31fe441bb11,dry-run,
mario-collino,8ed239b7-97e2-4229-9056-b645e758d9df,autori/8ed239b7-97e2-4229-9056-b645e758d9df,dry-run,
alessandra-conicchioli,659c733d-1e8e-4a5e-8f0b-0be43b477fc1,autori/659c733d-1e8e-4a5e-8f0b-0be43b477fc1,dry-run,
armando-d-amato,c8afe623-8b9d-4c07-b32f-16a3ceed907f,autori/c8afe623-8b9d-4c07-b32f-16a3ceed907f,dry-run,
carlo-gazzano,80b8d263-1912-47d6-9890-d37849207f76,autori/80b8d263-1912-47d6-9890-d37849207f76,dry-run,
efrem-sardella,7c12a16e-3da2-48d1-89ac-0f4b994a3109,autori/7c12a16e-3da2-48d1-89ac-0f4b994a3109,dry-run,
andrea-lonardo,15dcdc5f-357f-460c-bc71-8556bc344412,autori/15dcdc5f-357f-460c-bc71-8556bc344412,dry-run,
paolo-tantaro,03739dd8-fef5-4063-957e-0feb754a0aaf,autori/03739dd8-fef5-4063-957e-0feb754a0aaf,dry-run,
huberta-pott,a120801d-e46d-4a8d-a6b4-f7f1f8555746,autori/a120801d-e46d-4a8d-a6b4-f7f1f8555746,dry-run,
angelo-colacino,41bb7280-c68a-4d7f-bb70-16bdf09be8cf,autori/41bb7280-c68a-4d7f-bb70-16bdf09be8cf,dry-run,
silvia-freschi,c88682e3-904e-4a8d-9b0a-d6fc6307b7eb,autori/c88682e3-904e-4a8d-9b0a-d6fc6307b7eb,dry-run,
stefano-atzeni,6cbc6478-e912-4ce9-971f-5b59580d11a4,autori/6cbc6478-e912-4ce9-971f-5b59580d11a4,dry-run,
marie-francoise-friquette-heyndrickx,c710fcb5-0a17-4844-8f7c-33630eff9e57,autori/c710fcb5-0a17-4844-8f7c-33630eff9e57,dry-run,
mauro-santoro,2d60e4c3-cb5f-4262-932d-4692cb9c49ed,autori/2d60e4c3-cb5f-4262-932d-4692cb9c49ed,dry-run,
benoit-malveaux,7d956920-e9e2-4d27-9058-e2f08f6e312d,autori/7d956920-e9e2-4d27-9058-e2f08f6e312d,dry-run,
luciana-spigolon,e955eabb-c710-48a9-b070-41539845b0c2,autori/e955eabb-c710-48a9-b070-41539845b0c2,dry-run,
alessandra-moraca,d17374dc-aa5d-4921-9dbe-fdc30d7d13b1,autori/d17374dc-aa5d-4921-9dbe-fdc30d7d13b1,dry-run,
giulia-galeotti,52307019-fcda-4058-b021-1f09a2a0851e,autori/52307019-fcda-4058-b021-1f09a2a0851e,dry-run,
valeria-antonucci,47d6c83c-a6bf-43dd-ae46-1fc2f6a62dfa,autori/47d6c83c-a6bf-43dd-ae46-1fc2f6a62dfa,dry-run,
silvia-camisasca,210017bb-d1f7-40fa-9662-8f95ee436b72,autori/210017bb-d1f7-40fa-9662-8f95ee436b72,dry-run,
henri-bissonier,14df6ec9-886c-4875-b132-52cd91900a00,autori/14df6ec9-886c-4875-b132-52cd91900a00,dry-run,
federica-aliano,e4dd0f93-b8fb-4134-a365-98cc6c817200,autori/e4dd0f93-b8fb-4134-a365-98cc6c817200,dry-run,
ghislain-du-chene,ff29eb6d-dcbc-4c7f-b1c7-3a9c6508054c,autori/ff29eb6d-dcbc-4c7f-b1c7-3a9c6508054c,dry-run,
davide-del-duca,869fd63d-85ed-4d91-858a-a793ea5516ff,autori/869fd63d-85ed-4d91-858a-a793ea5516ff,dry-run,
anna-aluffi-pentini,6f91a7dd-d8af-497a-b240-4f5580697c49,autori/6f91a7dd-d8af-497a-b240-4f5580697c49,dry-run,
paolo-bertolini,3a29caf3-298f-4839-addc-cdf9d5707c5c,autori/3a29caf3-298f-4839-addc-cdf9d5707c5c,dry-run,
maria-teresa-mazzarotto,fc164ab7-a940-4f5d-a955-136d06ee50d5,autori/fc164ab7-a940-4f5d-a955-136d06ee50d5,dry-run,
rita-massi,4f2e81f7-c7c0-4595-ab43-761b21721d94,autori/4f2e81f7-c7c0-4595-ab43-761b21721d94,dry-run,
antonio-mazzarotto,7d0a941e-bfba-42a9-995d-5be3a2135cda,autori/7d0a941e-bfba-42a9-995d-5be3a2135cda,dry-run,
benedetta-mattei,b2c6b2bd-4a04-486d-a6f6-2883515730f6,autori/b2c6b2bd-4a04-486d-a6f6-2883515730f6,dry-run,
matteo-cinti,ead491e9-59a4-45c0-bd42-6c5ae23843f1,autori/ead491e9-59a4-45c0-bd42-6c5ae23843f1,dry-run,
boris-sollazzo,ea91f255-3bd6-447b-916f-f7aa9024ed33,autori/ea91f255-3bd6-447b-916f-f7aa9024ed33,dry-run,
sergio-sciascia,f82ab095-8014-4a83-8f4c-b524b50cc3f5,autori/f82ab095-8014-4a83-8f4c-b524b50cc3f5,dry-run,
lars-porsenna,8668aa93-2321-4168-a9e7-24f9bad7569b,autori/8668aa93-2321-4168-a9e7-24f9bad7569b,dry-run,
aioel-intelligenza-artificiale,f5c85f7f-e8b5-4dfb-98ac-774141ac5c83,autori/f5c85f7f-e8b5-4dfb-98ac-774141ac5c83,dry-run,
stefano-nasuti,f57d019c-2c1f-4315-b1be-bceadd335dc2,autori/f57d019c-2c1f-4315-b1be-bceadd335dc2,dry-run,
giorgia-fontani,a349fa33-cf0b-4b7d-94ee-043d610f7af4,autori/a349fa33-cf0b-4b7d-94ee-043d610f7af4,dry-run,
gianfranco-ravasi,f5ea8ab8-b184-44ce-a110-703f9021251a,autori/f5ea8ab8-b184-44ce-a110-703f9021251a,dry-run,
giuseppe-bertolini,b784db7e-376f-43f0-83db-69f3a350c07d,autori/b784db7e-376f-43f0-83db-69f3a350c07d,dry-run,
stefano-di-franco,ec272b52-79dc-4afa-ba8b-fe7109d6dcd2,autori/ec272b52-79dc-4afa-ba8b-fe7109d6dcd2,dry-run,
cristina-tersigni,c107846e-9589-4fd5-93ee-cbbbcbee4a4a,autori/c107846e-9589-4fd5-93ee-cbbbcbee4a4a,dry-run,
natalia-livi,0f347387-8b09-4d9f-a60c-3eb7170fa950,autori/0f347387-8b09-4d9f-a60c-3eb7170fa950,dry-run,
rita-di-nale,21309138-c469-4f0b-8121-329f18b33c95,autori/21309138-c469-4f0b-8121-329f18b33c95,dry-run,
marie-odile-rethore,6b7d6397-d88d-4cd4-b19d-5961897df35a,autori/6b7d6397-d88d-4cd4-b19d-5961897df35a,dry-run,
francesca-giannulo,20f1e291-376b-4f73-9138-6a87c63f110b,autori/20f1e291-376b-4f73-9138-6a87c63f110b,dry-run,
francesco-bertolini,f025c673-3242-4028-b63e-ace8db850063,autori/f025c673-3242-4028-b63e-ace8db850063,dry-run,
filippo-ascenzi,6de07a3e-a5a6-47ff-93d5-ae33e7e692ef,autori/6de07a3e-a5a6-47ff-93d5-ae33e7e692ef,dry-run,
enrica-riera,8e24b5fa-3d73-4028-91d1-d4b47fc5d8e4,autori/8e24b5fa-3d73-4028-91d1-d4b47fc5d8e4,dry-run,
stefano-guarino,fe0e5cf2-cf31-426f-a672-664db330953f,autori/fe0e5cf2-cf31-426f-a672-664db330953f,dry-run,
arianna-giuliano,2dd5194c-86eb-42b9-b3c5-d99ae5be4615,autori/2dd5194c-86eb-42b9-b3c5-d99ae5be4615,dry-run,
giovanni-vergani,65b0659b-d696-41b0-91d3-8d74b70d4b1c,autori/65b0659b-d696-41b0-91d3-8d74b70d4b1c,dry-run,
flora-atlante,bc96aad5-cd9e-4b5a-aed7-065b079e7886,autori/bc96aad5-cd9e-4b5a-aed7-065b079e7886,dry-run,
gabriele-niola,48a50fdb-37c9-4360-bc0b-f26d5c54148e,autori/48a50fdb-37c9-4360-bc0b-f26d5c54148e,dry-run,
olga-gammarelli,f1d57093-cc40-4853-aede-0032c02deac8,autori/f1d57093-cc40-4853-aede-0032c02deac8,dry-run,
jean-vanier,d3037295-d540-43eb-a8af-e6b431e37d0b,autori/d3037295-d540-43eb-a8af-e6b431e37d0b,dry-run,
paul-gilbert,ce04e543-1998-4e65-afe4-595645136929,autori/ce04e543-1998-4e65-afe4-595645136929,dry-run,
giovanni-grossi,4fe5b037-06e9-4405-8bb6-a2fdab319afc,autori/4fe5b037-06e9-4405-8bb6-a2fdab319afc,dry-run,
laura-coccia,7efff092-efee-4e06-9389-e8c6086e41f7,autori/7efff092-efee-4e06-9389-e8c6086e41f7,dry-run,
emanuele-rauco,a6b0f474-fe55-4589-8e29-c5bfb0972257,autori/a6b0f474-fe55-4589-8e29-c5bfb0972257,dry-run,
antonietta-pantone,af47a4c6-577a-461d-8974-bf2204cc5e5f,autori/af47a4c6-577a-461d-8974-bf2204cc5e5f,dry-run,
adriano-ercolani,473e7488-8154-4db9-96c3-8971776f10ed,autori/473e7488-8154-4db9-96c3-8971776f10ed,dry-run,
antonio-piscitelli,42560ed0-fd5d-4e36-a328-24a846a87607,autori/42560ed0-fd5d-4e36-a328-24a846a87607,dry-run,
daniele-cabras,f481a865-97d6-4717-9d3f-5871f5dcd0c5,autori/f481a865-97d6-4717-9d3f-5871f5dcd0c5,dry-run,
alessandra-zezza,7ad1c3e2-8c4f-44ba-9a62-7627160c4cd7,autori/7ad1c3e2-8c4f-44ba-9a62-7627160c4cd7,dry-run,
davide-passeri,e686b235-73c2-450a-993b-36e9f8f38564,autori/e686b235-73c2-450a-993b-36e9f8f38564,dry-run,
pierre-deberge,db521507-8ccb-4b28-afb8-4852645a0cea,autori/db521507-8ccb-4b28-afb8-4852645a0cea,dry-run,
stefano-marchetti,68582438-d8dd-49f7-b092-481366a6a3f9,autori/68582438-d8dd-49f7-b092-481366a6a3f9,dry-run,
francesca-de-rino,ad933913-315e-4f47-b7bc-94726ead9f4e,autori/ad933913-315e-4f47-b7bc-94726ead9f4e,dry-run,
anna-maria-de-rino,99aa27c6-1693-400e-865b-cb7607604532,autori/99aa27c6-1693-400e-865b-cb7607604532,dry-run,
betty-collino,79ad06f4-7568-440c-8895-7e895dfb7b13,autori/79ad06f4-7568-440c-8895-7e895dfb7b13,dry-run,
silvia-gusmano,74817f83-daf7-48f9-be31-99ccb2b110e1,autori/74817f83-daf7-48f9-be31-99ccb2b110e1,dry-run,
claudio-cinus,1bf145f9-bd77-43ab-91dc-10c78ea00f56,autori/1bf145f9-bd77-43ab-91dc-10c78ea00f56,dry-run,
