wp_id,articolo_uuid,id_numero,numero_uuid,action,status,note
6344,,OEL-20,,set,dry,
6346,,OEL-20,,set,dry,
6350,,OEL-20,,set,dry,
6352,,OEL-20,,set,dry,
6361,,OEL-20,,set,dry,
6357,,OEL-20,,set,dry,
6337,,OEL-20,,set,dry,
43,,OEL-1,dry-uuid-oel-1,set,dry,
65,,OEL-1,dry-uuid-oel-1,set,dry,
67,,OEL-1,dry-uuid-oel-1,set,dry,
76,,OEL-1,dry-uuid-oel-1,set,dry,
88,,OEL-1,dry-uuid-oel-1,set,dry,
224,,OEL-4,,set,dry,
228,,OEL-3,,set,dry,
300,,OEL-3,,set,dry,
330,,OEL-3,,set,dry,
342,,OEL-3,,set,dry,
313,,OEL-3,,set,dry,
325,,OEL-3,,set,dry,
328,,OEL-3,,set,dry,
340,,OEL-3,,set,dry,
353,,OEL-3,,set,dry,
22764,,null,,null,dry,
22768,,null,,null,dry,
371,,OEL-3,,set,dry,
1217,,OEL-2,,set,dry,
6982,,OEL-26,,set,dry,
6991,,null,,null,dry,
7021,,OEL-26,,set,dry,
7027,,OEL-26,,set,dry,
7029,,OEL-26,,set,dry,
7036,,OEL-26,,set,dry,
7050,,OEL-26,,set,dry,
7052,,OEL-26,,set,dry,
7054,,OEL-26,,set,dry,
7059,,OEL-26,,set,dry,
7062,,OEL-26,,set,dry,
7074,,null,,null,dry,
7079,,null,,null,dry,
7103,,OEL-27,,set,dry,
9843,,null,,null,dry,
6988,,OEL-26,,set,dry,
6990,,OEL-26,,set,dry,
25267,,OEL-145,,set,dry,
7109,,OEL-27,,set,dry,
6976,,OEL-26,,set,dry,
603,,OEL-1,dry-uuid-oel-1,set,dry,
607,,OEL-2,,set,dry,
609,,OEL-2,,set,dry,
612,,OEL-2,,set,dry,
617,,OEL-2,,set,dry,
764,,OEL-132,,set,dry,
767,,OEL-132,,set,dry,
774,,OEL-132,,set,dry,
777,,OEL-132,,set,dry,
6984,,OEL-26,,set,dry,
981,,null,,null,dry,
1183,,OEL-132,,set,dry,
1186,,OEL-132,,set,dry,
1188,,OEL-2,,set,dry,
1195,,OEL-2,,set,dry,
1206,,null,,null,dry,
1211,,OEL-2,,set,dry,
1223,,OEL-2,,set,dry,
1410,,OEL-132,,set,dry,
1412,,OEL-132,,set,dry,
1414,,OEL-132,,set,dry,
1419,,OEL-132,,set,dry,
1421,,OEL-132,,set,dry,
1423,,OEL-132,,set,dry,
1425,,OEL-132,,set,dry,
1435,,OEL-131,,set,dry,
1438,,OEL-131,,set,dry,
1440,,OEL-131,,set,dry,
1442,,OEL-131,,set,dry,
1444,,OEL-131,,set,dry,
1446,,OEL-131,,set,dry,
1449,,OEL-131,,set,dry,
1451,,OEL-131,,set,dry,
1453,,OEL-131,,set,dry,
1455,,OEL-131,,set,dry,
1457,,null,,null,dry,
1560,,null,,null,dry,
1563,,null,,null,dry,
1591,,OEL-1,dry-uuid-oel-1,set,dry,
1637,,OEL-1,dry-uuid-oel-1,set,dry,
2402,,OEL-7,,set,dry,
1707,,OEL-2,,set,dry,
13522,,null,,null,dry,
1794,,OEL-1,dry-uuid-oel-1,set,dry,
1803,,OEL-1,dry-uuid-oel-1,set,dry,
24153,,null,,null,dry,
1940,,null,,null,dry,
1955,,OEL-2,,set,dry,
1957,,OEL-2,,set,dry,
1960,,OEL-2,,set,dry,
2051,,OEL-3,,set,dry,
2053,,OEL-3,,set,dry,
2055,,OEL-3,,set,dry,
2057,,OEL-3,,set,dry,
2069,,OEL-3,,set,dry,
2175,,null,,null,dry,
2192,,OEL-4,,set,dry,
2196,,OEL-4,,set,dry,
2199,,OEL-4,,set,dry,
2201,,OEL-4,,set,dry,
2203,,OEL-4,,set,dry,
2205,,null,,null,dry,
2212,,OEL-4,,set,dry,
2214,,OEL-4,,set,dry,
2218,,OEL-4,,set,dry,
2220,,OEL-4,,set,dry,
2222,,OEL-4,,set,dry,
2238,,OEL-5,,set,dry,
2243,,OEL-5,,set,dry,
2252,,OEL-5,,set,dry,
2257,,OEL-5,,set,dry,
2259,,OEL-5,,set,dry,
2263,,OEL-5,,set,dry,
2265,,OEL-5,,set,dry,
2270,,OEL-5,,set,dry,
2272,,OEL-5,,set,dry,
2274,,OEL-5,,set,dry,
2291,,null,,null,dry,
2294,,null,,null,dry,
2299,,null,,null,dry,
2343,,OEL-6,,set,dry,
2348,,OEL-6,,set,dry,
2410,,OEL-7,,set,dry,
2352,,OEL-6,,set,dry,
2354,,OEL-6,,set,dry,
2356,,OEL-6,,set,dry,
2358,,OEL-6,,set,dry,
2361,,OEL-6,,set,dry,
2363,,OEL-6,,set,dry,
2366,,OEL-6,,set,dry,
2368,,OEL-6,,set,dry,
2380,,OEL-6,,set,dry,
2391,,OEL-7,,set,dry,
2394,,OEL-7,,set,dry,
2396,,OEL-7,,set,dry,
2398,,OEL-7,,set,dry,
2400,,OEL-7,,set,dry,
2404,,OEL-7,,set,dry,
2406,,OEL-7,,set,dry,
2416,,OEL-7,,set,dry,
2427,,OEL-8,,set,dry,
2431,,OEL-8,,set,dry,
2433,,OEL-8,,set,dry,
2437,,OEL-8,,set,dry,
2439,,OEL-8,,set,dry,
2441,,OEL-8,,set,dry,
2443,,OEL-8,,set,dry,
2445,,OEL-8,,set,dry,
2641,,OEL-5,,set,dry,
2859,,null,,null,dry,
2862,,null,,null,dry,
2887,,null,,null,dry,
3002,,OEL-9,,set,dry,
3009,,OEL-9,,set,dry,
3013,,OEL-9,,set,dry,
3015,,OEL-9,,set,dry,
3018,,OEL-9,,set,dry,
3023,,OEL-9,,set,dry,
3027,,OEL-9,,set,dry,
3031,,OEL-9,,set,dry,
3035,,OEL-9,,set,dry,
3038,,OEL-9,,set,dry,
3040,,OEL-9,,set,dry,
3046,,OEL-9,,set,dry,
3048,,OEL-9,,set,dry,
3050,,OEL-9,,set,dry,
3116,,OEL-10,,set,dry,
3121,,OEL-10,,set,dry,
3136,,OEL-10,,set,dry,
3139,,OEL-10,,set,dry,
3141,,OEL-10,,set,dry,
3143,,OEL-10,,set,dry,
3146,,OEL-10,,set,dry,
3149,,OEL-10,,set,dry,
3150,,OEL-10,,set,dry,
3153,,OEL-10,,set,dry,
3158,,OEL-10,,set,dry,
3160,,OEL-10,,set,dry,
3347,,OEL-139,,set,dry,
3371,,OEL-4,,set,dry,
9921,,OEL-49,,set,dry,
6441,,null,,null,dry,
3646,,OEL-100,,set,dry,
3648,,OEL-100,,set,dry,
3650,,OEL-100,,set,dry,
3984,,OEL-131,,set,dry,
3988,,OEL-131,,set,dry,
3992,,OEL-131,,set,dry,
3997,,OEL-131,,set,dry,
4003,,OEL-131,,set,dry,
4013,,null,,null,dry,
4017,,null,,null,dry,
4023,,OEL-131,,set,dry,
4032,,OEL-131,,set,dry,
4039,,OEL-131,,set,dry,
4047,,OEL-131,,set,dry,
4054,,OEL-131,,set,dry,
4058,,OEL-131,,set,dry,
4063,,OEL-131,,set,dry,
4070,,OEL-131,,set,dry,
4078,,null,,null,dry,
4081,,null,,null,dry,
4151,,OEL-132,,set,dry,
23135,,null,,null,dry,
4369,,null,,null,dry,
4704,,null,,null,dry,
4410,,null,,null,dry,
4417,,null,,null,dry,
4419,,OEL-125,,set,dry,
4426,,OEL-125,,set,dry,
4434,,OEL-105,,set,dry,
4439,,OEL-105,,set,dry,
4442,,OEL-109,,set,dry,
4444,,OEL-127,,set,dry,
4605,,null,,null,dry,
4611,,null,,null,dry,
4618,,null,,null,dry,
4625,,null,,null,dry,
4668,,null,,null,dry,
4639,,null,,null,dry,
4641,,null,,null,dry,
4647,,null,,null,dry,
4651,,null,,null,dry,
4654,,null,,null,dry,
4673,,null,,null,dry,
4764,,OEL-13,,set,dry,
4787,,OEL-13,,set,dry,
4792,,OEL-124,,set,dry,
4794,,OEL-124,,set,dry,
4799,,OEL-124,,set,dry,
4803,,OEL-124,,set,dry,
4806,,OEL-124,,set,dry,
4807,,OEL-13,,set,dry,
4809,,OEL-124,,set,dry,
4811,,OEL-124,,set,dry,
4814,,OEL-13,,set,dry,
4821,,OEL-13,,set,dry,
4836,,OEL-13,,set,dry,
4839,,OEL-13,,set,dry,
4841,,OEL-13,,set,dry,
4843,,OEL-13,,set,dry,
4847,,OEL-13,,set,dry,
4876,,null,,null,dry,
4894,,OEL-13,,set,dry,
4896,,OEL-13,,set,dry,
4899,,OEL-13,,set,dry,
4931,,null,,null,dry,
4937,,OEL-124,,set,dry,
4988,,OEL-11,,set,dry,
5012,,OEL-11,,set,dry,
5020,,OEL-11,,set,dry,
5033,,OEL-11,,set,dry,
5040,,OEL-11,,set,dry,
5044,,OEL-11,,set,dry,
5057,,OEL-11,,set,dry,
5061,,OEL-11,,set,dry,
5063,,OEL-11,,set,dry,
5096,,OEL-12,,set,dry,
5108,,OEL-12,,set,dry,
5118,,OEL-12,,set,dry,
5129,,OEL-12,,set,dry,
5147,,OEL-12,,set,dry,
5149,,OEL-12,,set,dry,
5164,,OEL-12,,set,dry,
5170,,OEL-12,,set,dry,
5173,,OEL-12,,set,dry,
5175,,OEL-12,,set,dry,
5178,,OEL-12,,set,dry,
5193,,null,,null,dry,
5200,,OEL-14,,set,dry,
5213,,OEL-14,,set,dry,
5216,,OEL-14,,set,dry,
5247,,OEL-101,,set,dry,
5266,,OEL-35,,set,dry,
5272,,OEL-14,,set,dry,
5275,,OEL-14,,set,dry,
5287,,OEL-14,,set,dry,
5304,,OEL-14,,set,dry,
5313,,null,,null,dry,
5328,,OEL-14,,set,dry,
6518,,null,,null,dry,
5381,,OEL-8,,set,dry,
5387,,OEL-14,,set,dry,
5723,,OEL-16,,set,dry,
5396,,OEL-14,,set,dry,
5403,,OEL-14,,set,dry,
5407,,OEL-14,,set,dry,
5420,,OEL-14,,set,dry,
5429,,OEL-14,,set,dry,
5447,,OEL-14,,set,dry,
5464,,OEL-14,,set,dry,
5578,,OEL-15,,set,dry,
6700,,OEL-23,,set,dry,
5597,,OEL-63,,set,dry,
5610,,OEL-15,,set,dry,
5617,,OEL-15,,set,dry,
5650,,OEL-15,,set,dry,
5671,,OEL-15,,set,dry,
5675,,null,,null,dry,
5690,,OEL-15,,set,dry,
5698,,OEL-15,,set,dry,
5717,,OEL-16,,set,dry,
5742,,OEL-16,,set,dry,
5745,,OEL-16,,set,dry,
5751,,OEL-16,,set,dry,
5756,,OEL-16,,set,dry,
5760,,OEL-16,,set,dry,
5763,,OEL-16,,set,dry,
5768,,OEL-16,,set,dry,
5773,,OEL-16,,set,dry,
5776,,OEL-16,,set,dry,
5779,,OEL-16,,set,dry,
5782,,OEL-16,,set,dry,
5784,,OEL-16,,set,dry,
5840,,OEL-39,,set,dry,
5854,,OEL-52,,set,dry,
5844,,OEL-47,,set,dry,
5846,,OEL-39,,set,dry,
5869,,OEL-64,,set,dry,
5857,,OEL-23,,set,dry,
5861,,OEL-101,,set,dry,
5879,,OEL-56,,set,dry,
5892,,null,,null,dry,
5904,,null,,null,dry,
5909,,null,,null,dry,
5916,,null,,null,dry,
5918,,null,,null,dry,
5921,,null,,null,dry,
5923,,null,,null,dry,
6866,,null,,null,dry,
6035,,OEL-18,,set,dry,
6024,,OEL-18,,set,dry,
6044,,OEL-18,,set,dry,
6045,,OEL-101,,set,dry,
6049,,OEL-101,,set,dry,
6052,,OEL-18,,set,dry,
6053,,OEL-18,,set,dry,
6059,,OEL-18,,set,dry,
6062,,OEL-18,,set,dry,
6067,,OEL-64,,set,dry,
6072,,OEL-18,,set,dry,
6074,,OEL-18,,set,dry,
6076,,OEL-18,,set,dry,
6081,,OEL-18,,set,dry,
6082,,OEL-18,,set,dry,
6083,,OEL-39,,set,dry,
6087,,OEL-18,,set,dry,
7046,,OEL-26,,set,dry,
6106,,OEL-52,,set,dry,
6109,,OEL-39,,set,dry,
6111,,OEL-56,,set,dry,
6128,,OEL-19,,set,dry,
6144,,OEL-19,,set,dry,
6160,,OEL-19,,set,dry,
6176,,OEL-19,,set,dry,
6181,,OEL-19,,set,dry,
6188,,OEL-19,,set,dry,
6198,,OEL-19,,set,dry,
6195,,OEL-19,,set,dry,
6201,,OEL-19,,set,dry,
6205,,OEL-19,,set,dry,
6207,,OEL-19,,set,dry,
6210,,OEL-19,,set,dry,
6370,,OEL-20,,set,dry,
6373,,OEL-20,,set,dry,
6381,,OEL-20,,set,dry,
6384,,OEL-20,,set,dry,
6387,,OEL-20,,set,dry,
6398,,OEL-20,,set,dry,
6458,,null,,null,dry,
6436,,null,,null,dry,
6483,,null,,null,dry,
7250,,null,,null,dry,
6551,,null,,null,dry,
6560,,OEL-21,,set,dry,
6572,,OEL-21,,set,dry,
6575,,OEL-21,,set,dry,
6582,,OEL-21,,set,dry,
6586,,OEL-21,,set,dry,
6589,,OEL-21,,set,dry,
6592,,OEL-21,,set,dry,
6595,,OEL-21,,set,dry,
6599,,OEL-21,,set,dry,
6602,,OEL-21,,set,dry,
6607,,OEL-21,,set,dry,
6618,,null,,null,dry,
6634,,OEL-22,,set,dry,
6855,,null,,null,dry,
6640,,OEL-22,,set,dry,
6642,,OEL-22,,set,dry,
6644,,OEL-22,,set,dry,
6646,,OEL-22,,set,dry,
6649,,OEL-22,,set,dry,
6652,,OEL-22,,set,dry,
6657,,OEL-22,,set,dry,
6670,,OEL-22,,set,dry,
6673,,OEL-22,,set,dry,
6678,,OEL-22,,set,dry,
6682,,OEL-22,,set,dry,
6686,,OEL-22,,set,dry,
6712,,OEL-23,,set,dry,
6724,,OEL-23,,set,dry,
6726,,OEL-23,,set,dry,
6728,,OEL-23,,set,dry,
6730,,OEL-23,,set,dry,
6732,,OEL-23,,set,dry,
6735,,OEL-23,,set,dry,
6741,,OEL-23,,set,dry,
6745,,OEL-23,,set,dry,
6761,,OEL-24,,set,dry,
6956,,null,,null,dry,
6767,,OEL-24,,set,dry,
6774,,OEL-24,,set,dry,
6778,,OEL-24,,set,dry,
6781,,OEL-24,,set,dry,
6796,,null,,null,dry,
6800,,OEL-24,,set,dry,
6805,,OEL-24,,set,dry,
6809,,OEL-24,,set,dry,
6967,,null,,null,dry,
6849,,null,,null,dry,
6894,,OEL-25,,set,dry,
6901,,OEL-25,,set,dry,
6903,,OEL-25,,set,dry,
6905,,OEL-25,,set,dry,
6907,,OEL-25,,set,dry,
6916,,OEL-25,,set,dry,
6929,,OEL-25,,set,dry,
6933,,OEL-25,,set,dry,
6935,,OEL-25,,set,dry,
6937,,OEL-25,,set,dry,
6939,,OEL-25,,set,dry,
6941,,OEL-25,,set,dry,
6943,,OEL-25,,set,dry,
7116,,OEL-27,,set,dry,
7118,,OEL-27,,set,dry,
7120,,OEL-27,,set,dry,
7123,,OEL-27,,set,dry,
7124,,null,,null,dry,
7146,,OEL-27,,set,dry,
7149,,OEL-29,,set,dry,
7153,,OEL-27,,set,dry,
7157,,OEL-27,,set,dry,
7160,,OEL-27,,set,dry,
7163,,OEL-27,,set,dry,
7166,,OEL-27,,set,dry,
7183,,null,,null,dry,
7189,,OEL-28,,set,dry,
7294,,null,,null,dry,
7199,,OEL-28,,set,dry,
7202,,OEL-28,,set,dry,
7211,,OEL-28,,set,dry,
7216,,OEL-28,,set,dry,
7219,,OEL-28,,set,dry,
7223,,OEL-28,,set,dry,
7227,,OEL-28,,set,dry,
7230,,OEL-28,,set,dry,
7239,,OEL-28,,set,dry,
7254,,null,,null,dry,
7403,,null,,null,dry,
7270,,null,,null,dry,
7288,,null,,null,dry,
7303,,null,,null,dry,
7314,,OEL-29,,set,dry,
7319,,null,,null,dry,
7322,,OEL-29,,set,dry,
7327,,OEL-29,,set,dry,
7328,,null,,null,dry,
7332,,OEL-29,,set,dry,
7335,,OEL-29,,set,dry,
7347,,OEL-29,,set,dry,
7367,,OEL-29,,set,dry,
7378,,OEL-29,,set,dry,
7384,,OEL-29,,set,dry,
7479,,OEL-30,,set,dry,
7412,,null,,null,dry,
7424,,null,,null,dry,
7431,,OEL-30,,set,dry,
7434,,OEL-30,,set,dry,
7440,,null,,null,dry,
7451,,OEL-30,,set,dry,
7456,,OEL-30,,set,dry,
7461,,OEL-30,,set,dry,
7465,,OEL-30,,set,dry,
7468,,OEL-30,,set,dry,
7470,,null,,null,dry,
7474,,OEL-30,,set,dry,
7476,,OEL-30,,set,dry,
7663,,null,,null,dry,
7557,,null,,null,dry,
7560,,null,,null,dry,
7568,,OEL-139,,set,dry,
7570,,OEL-141,,set,dry,
7572,,null,,null,dry,
7682,,OEL-31,,set,dry,
7687,,OEL-31,,set,dry,
7690,,OEL-31,,set,dry,
7695,,OEL-31,,set,dry,
7707,,OEL-31,,set,dry,
7716,,OEL-31,,set,dry,
7723,,OEL-31,,set,dry,
7729,,OEL-31,,set,dry,
7734,,OEL-31,,set,dry,
7740,,OEL-141,,set,dry,
7754,,OEL-31,,set,dry,
7758,,OEL-31,,set,dry,
7762,,OEL-31,,set,dry,
8089,,null,,null,dry,
7770,,OEL-31,,set,dry,
7779,,OEL-31,,set,dry,
7783,,OEL-31,,set,dry,
7789,,OEL-31,,set,dry,
7798,,OEL-31,,set,dry,
7810,,OEL-31,,set,dry,
7816,,OEL-31,,set,dry,
7828,,OEL-31,,set,dry,
7842,,OEL-31,,set,dry,
7852,,null,,null,dry,
7862,,OEL-31,,set,dry,
7874,,OEL-31,,set,dry,
7903,,OEL-32,,set,dry,
8422,,null,,null,dry,
7917,,OEL-32,,set,dry,
7919,,OEL-32,,set,dry,
7922,,OEL-32,,set,dry,
7926,,OEL-32,,set,dry,
7932,,OEL-32,,set,dry,
7936,,OEL-32,,set,dry,
7941,,OEL-32,,set,dry,
7944,,OEL-32,,set,dry,
7951,,OEL-32,,set,dry,
7958,,OEL-32,,set,dry,
7966,,OEL-32,,set,dry,
7968,,OEL-32,,set,dry,
23838,,OEL-77,,set,dry,
8017,,OEL-33,,set,dry,
8043,,null,,null,dry,
8057,,OEL-141,,set,dry,
8094,,null,,null,dry,
8104,,OEL-33,,set,dry,
8108,,OEL-33,,set,dry,
8118,,OEL-33,,set,dry,
8129,,OEL-33,,set,dry,
8134,,OEL-33,,set,dry,
8140,,OEL-33,,set,dry,
8145,,OEL-33,,set,dry,
8147,,OEL-33,,set,dry,
8168,,OEL-34,,set,dry,
8174,,OEL-34,,set,dry,
8179,,OEL-34,,set,dry,
8184,,OEL-34,,set,dry,
8192,,OEL-34,,set,dry,
8199,,OEL-34,,set,dry,
8203,,OEL-34,,set,dry,
8207,,OEL-34,,set,dry,
8213,,OEL-34,,set,dry,
8217,,OEL-34,,set,dry,
8223,,OEL-34,,set,dry,
8229,,OEL-34,,set,dry,
8272,,OEL-141,,set,dry,
8277,,OEL-141,,set,dry,
8278,,OEL-17,,set,dry,
8303,,OEL-140,,set,dry,
8307,,OEL-17,,set,dry,
8312,,OEL-17,,set,dry,
8322,,OEL-17,,set,dry,
8325,,OEL-17,,set,dry,
8328,,OEL-17,,set,dry,
8331,,OEL-17,,set,dry,
8358,,OEL-35,,set,dry,
8362,,OEL-35,,set,dry,
8366,,OEL-35,,set,dry,
8369,,OEL-35,,set,dry,
8371,,OEL-35,,set,dry,
8376,,OEL-35,,set,dry,
8382,,OEL-35,,set,dry,
8386,,OEL-35,,set,dry,
8398,,null,,null,dry,
8409,,OEL-36,,set,dry,
9150,,null,,null,dry,
9144,,null,,null,dry,
8417,,null,,null,dry,
8426,,OEL-36,,set,dry,
8428,,OEL-36,,set,dry,
8430,,OEL-36,,set,dry,
8432,,OEL-36,,set,dry,
8440,,OEL-36,,set,dry,
8458,,OEL-36,,set,dry,
8465,,OEL-36,,set,dry,
8479,,OEL-36,,set,dry,
8514,,OEL-128,,set,dry,
8517,,null,,null,dry,
8578,,OEL-37,,set,dry,
8584,,OEL-37,,set,dry,
8586,,OEL-37,,set,dry,
8593,,OEL-37,,set,dry,
8595,,OEL-37,,set,dry,
8599,,OEL-37,,set,dry,
8601,,OEL-37,,set,dry,
8605,,OEL-37,,set,dry,
8612,,OEL-37,,set,dry,
9074,,OEL-42,,set,dry,
8615,,OEL-37,,set,dry,
8656,,null,,null,dry,
8665,,OEL-38,,set,dry,
8697,,OEL-38,,set,dry,
8699,,OEL-38,,set,dry,
9242,,OEL-43,,set,dry,
8712,,OEL-38,,set,dry,
8714,,OEL-38,,set,dry,
8716,,null,,null,dry,
8719,,OEL-38,,set,dry,
8724,,OEL-38,,set,dry,
8727,,OEL-38,,set,dry,
8729,,OEL-38,,set,dry,
8731,,OEL-132,,set,dry,
8738,,OEL-38,,set,dry,
8752,,OEL-39,,set,dry,
8776,,OEL-39,,set,dry,
8784,,OEL-39,,set,dry,
8796,,OEL-39,,set,dry,
8798,,OEL-39,,set,dry,
8803,,OEL-39,,set,dry,
8809,,OEL-39,,set,dry,
8811,,OEL-39,,set,dry,
8816,,OEL-39,,set,dry,
8818,,OEL-39,,set,dry,
8822,,OEL-39,,set,dry,
8829,,OEL-39,,set,dry,
8849,,OEL-40,,set,dry,
8868,,null,,null,dry,
8877,,OEL-40,,set,dry,
8884,,OEL-40,,set,dry,
8887,,OEL-40,,set,dry,
8890,,OEL-40,,set,dry,
8893,,OEL-40,,set,dry,
8900,,OEL-40,,set,dry,
8903,,OEL-40,,set,dry,
8905,,OEL-40,,set,dry,
8908,,OEL-40,,set,dry,
8910,,OEL-40,,set,dry,
8912,,OEL-40,,set,dry,
8914,,OEL-40,,set,dry,
8935,,null,,null,dry,
9147,,null,,null,dry,
8971,,OEL-41,,set,dry,
8981,,OEL-41,,set,dry,
8987,,OEL-41,,set,dry,
8989,,OEL-41,,set,dry,
8996,,OEL-41,,set,dry,
8998,,OEL-41,,set,dry,
9000,,OEL-41,,set,dry,
9002,,OEL-41,,set,dry,
9004,,OEL-41,,set,dry,
9006,,OEL-41,,set,dry,
9007,,OEL-41,,set,dry,
9010,,OEL-41,,set,dry,
9023,,OEL-41,,set,dry,
9061,,OEL-42,,set,dry,
9066,,OEL-42,,set,dry,
9070,,OEL-42,,set,dry,
9072,,OEL-42,,set,dry,
9076,,OEL-42,,set,dry,
9078,,OEL-42,,set,dry,
9081,,OEL-42,,set,dry,
9085,,OEL-42,,set,dry,
9088,,OEL-42,,set,dry,
9091,,OEL-42,,set,dry,
9332,,null,,null,dry,
9099,,OEL-42,,set,dry,
9101,,OEL-42,,set,dry,
9103,,OEL-42,,set,dry,
9112,,OEL-42,,set,dry,
9116,,OEL-42,,set,dry,
9119,,OEL-42,,set,dry,
9126,,OEL-42,,set,dry,
9129,,OEL-42,,set,dry,
9132,,OEL-42,,set,dry,
9186,,OEL-43,,set,dry,
9190,,null,,null,dry,
9244,,OEL-43,,set,dry,
9522,,OEL-45,,set,dry,
9256,,OEL-43,,set,dry,
9258,,OEL-43,,set,dry,
9260,,OEL-43,,set,dry,
9263,,OEL-43,,set,dry,
9265,,OEL-43,,set,dry,
9269,,OEL-43,,set,dry,
9271,,OEL-43,,set,dry,
9274,,OEL-43,,set,dry,
9276,,OEL-43,,set,dry,
9278,,OEL-43,,set,dry,
9282,,OEL-43,,set,dry,
9284,,OEL-43,,set,dry,
9292,,OEL-43,,set,dry,
9370,,OEL-44,,set,dry,
9375,,OEL-44,,set,dry,
9377,,OEL-44,,set,dry,
9380,,OEL-44,,set,dry,
9384,,OEL-44,,set,dry,
9405,,OEL-44,,set,dry,
9409,,OEL-44,,set,dry,
9413,,OEL-44,,set,dry,
9417,,OEL-44,,set,dry,
9419,,OEL-44,,set,dry,
9422,,OEL-44,,set,dry,
9423,,OEL-44,,set,dry,
9438,,OEL-142,,set,dry,
9461,,OEL-142,,set,dry,
9673,,null,,null,dry,
9472,,OEL-142,,set,dry,
9480,,OEL-142,,set,dry,
9491,,OEL-142,,set,dry,
9498,,OEL-142,,set,dry,
9508,,OEL-142,,set,dry,
9547,,OEL-45,,set,dry,
9552,,OEL-45,,set,dry,
9554,,OEL-45,,set,dry,
9556,,OEL-45,,set,dry,
9558,,OEL-45,,set,dry,
9564,,OEL-45,,set,dry,
9568,,OEL-45,,set,dry,
9571,,OEL-45,,set,dry,
9580,,OEL-45,,set,dry,
9584,,OEL-45,,set,dry,
9586,,OEL-45,,set,dry,
9592,,OEL-45,,set,dry,
9593,,OEL-45,,set,dry,
9597,,OEL-45,,set,dry,
9626,,OEL-46,,set,dry,
9618,,OEL-46,,set,dry,
9647,,OEL-46,,set,dry,
9650,,OEL-46,,set,dry,
9651,,OEL-46,,set,dry,
9654,,OEL-46,,set,dry,
9660,,OEL-46,,set,dry,
9664,,OEL-46,,set,dry,
9681,,OEL-47,,set,dry,
9708,,OEL-47,,set,dry,
9713,,OEL-47,,set,dry,
9715,,OEL-47,,set,dry,
9717,,OEL-47,,set,dry,
9720,,OEL-47,,set,dry,
9856,,null,,null,dry,
9723,,OEL-47,,set,dry,
9727,,OEL-47,,set,dry,
9743,,null,,null,dry,
9766,,OEL-48,,set,dry,
9789,,OEL-48,,set,dry,
9791,,OEL-48,,set,dry,
9793,,OEL-48,,set,dry,
9803,,OEL-48,,set,dry,
9805,,OEL-48,,set,dry,
9807,,OEL-48,,set,dry,
9809,,OEL-48,,set,dry,
9812,,OEL-48,,set,dry,
9814,,OEL-48,,set,dry,
9820,,OEL-48,,set,dry,
9823,,OEL-48,,set,dry,
9825,,OEL-48,,set,dry,
9832,,null,,null,dry,
9848,,null,,null,dry,
9881,,OEL-49,,set,dry,
9902,,OEL-49,,set,dry,
9907,,OEL-49,,set,dry,
9912,,OEL-49,,set,dry,
9914,,OEL-49,,set,dry,
9918,,OEL-49,,set,dry,
9923,,OEL-49,,set,dry,
9930,,OEL-49,,set,dry,
9926,,OEL-49,,set,dry,
9932,,OEL-49,,set,dry,
9962,,null,,null,dry,
9976,,null,,null,dry,
10075,,OEL-50,,set,dry,
10107,,OEL-143,,set,dry,
9984,,null,,null,dry,
10001,,OEL-50,,set,dry,
10010,,OEL-50,,set,dry,
10016,,OEL-50,,set,dry,
10018,,OEL-50,,set,dry,
10021,,OEL-50,,set,dry,
10023,,OEL-50,,set,dry,
10025,,OEL-50,,set,dry,
10050,,OEL-50,,set,dry,
10054,,OEL-50,,set,dry,
10057,,OEL-50,,set,dry,
10059,,OEL-50,,set,dry,
10061,,OEL-50,,set,dry,
10063,,OEL-50,,set,dry,
10065,,OEL-50,,set,dry,
10068,,OEL-50,,set,dry,
10547,,null,,null,dry,
10119,,OEL-51,,set,dry,
10124,,OEL-51,,set,dry,
10126,,OEL-51,,set,dry,
10131,,OEL-51,,set,dry,
10151,,OEL-51,,set,dry,
10153,,OEL-51,,set,dry,
10155,,OEL-51,,set,dry,
10159,,OEL-51,,set,dry,
10163,,OEL-51,,set,dry,
10166,,OEL-51,,set,dry,
10839,,OEL-55,,set,dry,
10844,,OEL-55,,set,dry,
10306,,OEL-143,,set,dry,
10835,,OEL-55,,set,dry,
10326,,OEL-112,,set,dry,
10331,,OEL-143,,set,dry,
10511,,OEL-53,,set,dry,
10336,,null,,null,dry,
10830,,OEL-55,,set,dry,
10402,,OEL-52,,set,dry,
10409,,OEL-52,,set,dry,
10411,,OEL-52,,set,dry,
10415,,OEL-52,,set,dry,
10420,,OEL-52,,set,dry,
10424,,OEL-52,,set,dry,
10429,,OEL-52,,set,dry,
10943,,null,,null,dry,
10437,,OEL-52,,set,dry,
10444,,OEL-52,,set,dry,
10447,,OEL-52,,set,dry,
10461,,OEL-53,,set,dry,
10472,,null,,null,dry,
10475,,OEL-53,,set,dry,
10482,,OEL-53,,set,dry,
10864,,OEL-55,,set,dry,
10488,,OEL-53,,set,dry,
10490,,OEL-53,,set,dry,
10495,,OEL-53,,set,dry,
10499,,OEL-53,,set,dry,
10515,,OEL-53,,set,dry,
10519,,OEL-53,,set,dry,
10528,,OEL-53,,set,dry,
10532,,OEL-53,,set,dry,
10552,,null,,null,dry,
10559,,null,,null,dry,
10564,,null,,null,dry,
10596,,OEL-54,,set,dry,
10589,,null,,null,dry,
10605,,OEL-54,,set,dry,
10615,,OEL-54,,set,dry,
10627,,OEL-54,,set,dry,
10650,,OEL-54,,set,dry,
10657,,null,,null,dry,
10665,,OEL-54,,set,dry,
10671,,OEL-54,,set,dry,
10677,,OEL-54,,set,dry,
10683,,OEL-54,,set,dry,
10688,,OEL-54,,set,dry,
10695,,null,,null,dry,
10742,,null,,null,dry,
10797,,OEL-55,,set,dry,
10818,,OEL-55,,set,dry,
10872,,OEL-55,,set,dry,
10883,,OEL-55,,set,dry,
10892,,OEL-55,,set,dry,
10890,,OEL-55,,set,dry,
10903,,OEL-55,,set,dry,
10904,,OEL-55,,set,dry,
10915,,OEL-55,,set,dry,
10951,,null,,null,dry,
10955,,null,,null,dry,
10958,,null,,null,dry,
10962,,null,,null,dry,
10966,,null,,null,dry,
10970,,null,,null,dry,
10973,,null,,null,dry,
10989,,OEL-144,,set,dry,
11025,,OEL-144,,set,dry,
11047,,OEL-144,,set,dry,
11056,,OEL-144,,set,dry,
11060,,OEL-144,,set,dry,
11166,,null,,null,dry,
11067,,OEL-56,,set,dry,
11072,,OEL-56,,set,dry,
11074,,OEL-56,,set,dry,
11076,,OEL-56,,set,dry,
11079,,OEL-56,,set,dry,
11097,,OEL-56,,set,dry,
11102,,OEL-56,,set,dry,
11104,,OEL-56,,set,dry,
11109,,OEL-56,,set,dry,
11111,,OEL-56,,set,dry,
11113,,OEL-56,,set,dry,
11114,,OEL-56,,set,dry,
11117,,OEL-56,,set,dry,
11119,,OEL-56,,set,dry,
11120,,OEL-56,,set,dry,
11121,,OEL-56,,set,dry,
11170,,OEL-141,,set,dry,
11186,,null,,null,dry,
11190,,null,,null,dry,
11198,,null,,null,dry,
11200,,null,,null,dry,
11787,,OEL-60,,set,dry,
11789,,OEL-60,,set,dry,
11214,,null,,null,dry,
11517,,OEL-58,,set,dry,
11628,,OEL-59,,set,dry,
11596,,OEL-59,,set,dry,
11461,,OEL-57,,set,dry,
11438,,OEL-57,,set,dry,
11446,,OEL-57,,set,dry,
11448,,null,,null,dry,
11450,,OEL-57,,set,dry,
11454,,OEL-57,,set,dry,
11467,,OEL-57,,set,dry,
11470,,OEL-57,,set,dry,
11475,,OEL-57,,set,dry,
11477,,OEL-57,,set,dry,
11524,,OEL-57,,set,dry,
11526,,OEL-58,,set,dry,
11530,,OEL-58,,set,dry,
11533,,OEL-58,,set,dry,
11535,,null,,null,dry,
11540,,OEL-58,,set,dry,
11538,,OEL-58,,set,dry,
11565,,OEL-128,,set,dry,
11600,,OEL-59,,set,dry,
11604,,OEL-59,,set,dry,
11609,,OEL-59,,set,dry,
11617,,OEL-59,,set,dry,
11619,,OEL-59,,set,dry,
11623,,OEL-59,,set,dry,
11631,,OEL-59,,set,dry,
11680,,null,,null,dry,
11636,,OEL-59,,set,dry,
11639,,OEL-59,,set,dry,
11640,,OEL-59,,set,dry,
11663,,null,,null,dry,
11676,,null,,null,dry,
11695,,OEL-145,,set,dry,
11706,,OEL-145,,set,dry,
11710,,OEL-145,,set,dry,
11781,,OEL-60,,set,dry,
11747,,OEL-145,,set,dry,
11754,,OEL-145,,set,dry,
11758,,OEL-145,,set,dry,
11762,,OEL-145,,set,dry,
11792,,OEL-60,,set,dry,
17458,,null,,null,dry,
11820,,OEL-60,,set,dry,
11824,,OEL-60,,set,dry,
11826,,OEL-60,,set,dry,
11830,,OEL-60,,set,dry,
11834,,OEL-60,,set,dry,
11838,,OEL-60,,set,dry,
12463,,OEL-146,,set,dry,
11993,,null,,null,dry,
12004,,null,,null,dry,
12040,,null,,null,dry,
12044,,null,,null,dry,
12048,,null,,null,dry,
12050,,OEL-112,,set,dry,
12052,,null,,null,dry,
12073,,OEL-62,,set,dry,
12107,,OEL-61,,set,dry,
12111,,OEL-61,,set,dry,
12113,,OEL-61,,set,dry,
12117,,OEL-61,,set,dry,
12692,,null,,null,dry,
12121,,OEL-61,,set,dry,
12178,,OEL-62,,set,dry,
12149,,OEL-61,,set,dry,
12152,,OEL-61,,set,dry,
12156,,OEL-61,,set,dry,
12160,,OEL-62,,set,dry,
12163,,OEL-61,,set,dry,
12166,,OEL-61,,set,dry,
12181,,OEL-62,,set,dry,
12183,,OEL-62,,set,dry,
12185,,OEL-62,,set,dry,
12187,,OEL-62,,set,dry,
12189,,OEL-62,,set,dry,
12192,,OEL-62,,set,dry,
12194,,OEL-62,,set,dry,
12196,,OEL-62,,set,dry,
12198,,OEL-62,,set,dry,
12200,,OEL-62,,set,dry,
12202,,OEL-62,,set,dry,
12204,,OEL-62,,set,dry,
12208,,OEL-62,,set,dry,
12224,,OEL-62,,set,dry,
12237,,null,,null,dry,
12248,,OEL-63,,set,dry,
12252,,OEL-63,,set,dry,
12279,,OEL-63,,set,dry,
12281,,OEL-63,,set,dry,
12284,,OEL-63,,set,dry,
12305,,OEL-63,,set,dry,
12307,,OEL-63,,set,dry,
12309,,OEL-63,,set,dry,
12312,,OEL-63,,set,dry,
12314,,OEL-63,,set,dry,
12319,,OEL-63,,set,dry,
12322,,OEL-63,,set,dry,
12325,,OEL-63,,set,dry,
12379,,OEL-64,,set,dry,
12385,,OEL-64,,set,dry,
12388,,OEL-64,,set,dry,
12393,,OEL-64,,set,dry,
12395,,OEL-64,,set,dry,
12400,,null,,null,dry,
12409,,OEL-64,,set,dry,
12413,,OEL-64,,set,dry,
12416,,OEL-64,,set,dry,
12418,,OEL-64,,set,dry,
12425,,OEL-64,,set,dry,
12725,,OEL-146,,set,dry,
12731,,null,,null,dry,
12721,,OEL-146,,set,dry,
12483,,null,,null,dry,
12491,,null,,null,dry,
12497,,null,,null,dry,
12500,,null,,null,dry,
12513,,null,,null,dry,
12518,,null,,null,dry,
12522,,null,,null,dry,
12649,,OEL-146,,set,dry,
12528,,OEL-46,,set,dry,
12561,,OEL-65,,set,dry,
12564,,OEL-65,,set,dry,
12570,,OEL-65,,set,dry,
12572,,OEL-65,,set,dry,
12574,,OEL-65,,set,dry,
12576,,OEL-65,,set,dry,
12589,,OEL-65,,set,dry,
12591,,OEL-65,,set,dry,
12595,,OEL-65,,set,dry,
12598,,OEL-65,,set,dry,
12600,,OEL-65,,set,dry,
12637,,null,,null,dry,
12630,,null,,null,dry,
12643,,null,,null,dry,
12660,,OEL-146,,set,dry,
12668,,OEL-146,,set,dry,
12672,,OEL-146,,set,dry,
12677,,OEL-146,,set,dry,
12680,,OEL-146,,set,dry,
12684,,OEL-146,,set,dry,
12687,,OEL-146,,set,dry,
12700,,null,,null,dry,
12747,,null,,null,dry,
12761,,OEL-138,,set,dry,
12768,,OEL-66,,set,dry,
12799,,OEL-66,,set,dry,
12801,,OEL-66,,set,dry,
12804,,OEL-66,,set,dry,
12808,,OEL-66,,set,dry,
12817,,OEL-66,,set,dry,
12820,,OEL-66,,set,dry,
12824,,OEL-66,,set,dry,
12830,,OEL-66,,set,dry,
12832,,OEL-66,,set,dry,
12836,,OEL-66,,set,dry,
12843,,OEL-66,,set,dry,
12845,,OEL-66,,set,dry,
12862,,OEL-67,,set,dry,
12896,,OEL-67,,set,dry,
12898,,OEL-67,,set,dry,
12901,,OEL-67,,set,dry,
12905,,OEL-67,,set,dry,
12908,,OEL-67,,set,dry,
12913,,OEL-67,,set,dry,
12919,,OEL-67,,set,dry,
12928,,null,,null,dry,
12926,,OEL-67,,set,dry,
12933,,null,,null,dry,
12939,,null,,null,dry,
12943,,null,,null,dry,
12948,,OEL-67,,set,dry,
12952,,OEL-67,,set,dry,
12954,,OEL-67,,set,dry,
12956,,OEL-67,,set,dry,
12989,,OEL-68,,set,dry,
13026,,OEL-68,,set,dry,
13030,,OEL-68,,set,dry,
13034,,OEL-68,,set,dry,
13037,,OEL-68,,set,dry,
13040,,OEL-68,,set,dry,
13042,,OEL-68,,set,dry,
13044,,OEL-68,,set,dry,
13047,,OEL-68,,set,dry,
13049,,OEL-68,,set,dry,
13051,,null,,null,dry,
13075,,OEL-141,,set,dry,
13080,,OEL-143,,set,dry,
13097,,null,,null,dry,
13101,,null,,null,dry,
13104,,null,,null,dry,
13112,,null,,null,dry,
13118,,null,,null,dry,
13130,,OEL-145,,set,dry,
13138,,null,,null,dry,
13171,,OEL-147,,set,dry,
13503,,OEL-147,,set,dry,
13182,,OEL-147,,set,dry,
13190,,null,,null,dry,
15395,,null,,null,dry,
13323,,OEL-147,,set,dry,
13342,,OEL-147,,set,dry,
13352,,OEL-147,,set,dry,
13365,,OEL-147,,set,dry,
13378,,OEL-147,,set,dry,
13384,,OEL-147,,set,dry,
13396,,OEL-147,,set,dry,
13414,,OEL-147,,set,dry,
13408,,OEL-147,,set,dry,
13419,,OEL-147,,set,dry,
13442,,OEL-147,,set,dry,
13449,,OEL-147,,set,dry,
13457,,OEL-147,,set,dry,
13462,,OEL-147,,set,dry,
13469,,OEL-147,,set,dry,
13549,,null,,null,dry,
13570,,OEL-138,,set,dry,
13583,,null,,null,dry,
13595,,null,,null,dry,
13609,,null,,null,dry,
13614,,null,,null,dry,
13620,,null,,null,dry,
13660,,null,,null,dry,
14739,,null,,null,dry,
13728,,null,,null,dry,
13807,,null,,null,dry,
13847,,null,,null,dry,
13849,,null,,null,dry,
13852,,null,,null,dry,
13854,,null,,null,dry,
13856,,null,,null,dry,
14839,,null,,null,dry,
13938,,null,,null,dry,
14168,,null,,null,dry,
14298,,null,,null,dry,
14325,,null,,null,dry,
14519,,null,,null,dry,
14383,,null,,null,dry,
14489,,null,,null,dry,
14575,,null,,null,dry,
14622,,null,,null,dry,
14652,,null,,null,dry,
14666,,null,,null,dry,
14690,,OEL-148,,set,dry,
14698,,OEL-148,,set,dry,
14811,,null,,null,dry,
14822,,OEL-141,,set,dry,
15215,,null,,null,dry,
14901,,null,,null,dry,
14916,,null,,null,dry,
14928,,null,,null,dry,
14932,,null,,null,dry,
14988,,OEL-148,,set,dry,
14976,,OEL-148,,set,dry,
15000,,OEL-148,,set,dry,
15013,,OEL-148,,set,dry,
15024,,OEL-148,,set,dry,
15034,,OEL-148,,set,dry,
15041,,OEL-148,,set,dry,
15049,,OEL-148,,set,dry,
15062,,OEL-148,,set,dry,
15066,,OEL-148,,set,dry,
15071,,OEL-148,,set,dry,
15089,,OEL-148,,set,dry,
15103,,OEL-148,,set,dry,
15124,,OEL-148,,set,dry,
15135,,OEL-148,,set,dry,
15145,,OEL-148,,set,dry,
15157,,OEL-144,,set,dry,
15166,,null,,null,dry,
15226,,null,,null,dry,
15234,,null,,null,dry,
15355,,null,,null,dry,
15404,,null,,null,dry,
15432,,null,,null,dry,
15982,,null,,null,dry,
15443,,null,,null,dry,
15462,,null,,null,dry,
15470,,null,,null,dry,
15479,,null,,null,dry,
15549,,null,,null,dry,
15560,,null,,null,dry,
16027,,null,,null,dry,
16443,,null,,null,dry,
16056,,null,,null,dry,
16066,,null,,null,dry,
16087,,null,,null,dry,
16139,,null,,null,dry,
16184,,OEL-149,,set,dry,
16205,,null,,null,dry,
16244,,null,,null,dry,
16267,,OEL-149,,set,dry,
16281,,OEL-149,,set,dry,
16300,,OEL-149,,set,dry,
16307,,OEL-149,,set,dry,
16317,,OEL-149,,set,dry,
16327,,OEL-149,,set,dry,
16340,,OEL-149,,set,dry,
16354,,OEL-149,,set,dry,
16382,,OEL-149,,set,dry,
16386,,OEL-149,,set,dry,
16390,,OEL-149,,set,dry,
16403,,OEL-149,,set,dry,
16415,,OEL-149,,set,dry,
16427,,OEL-149,,set,dry,
16452,,null,,null,dry,
16476,,null,,null,dry,
16487,,null,,null,dry,
16505,,null,,null,dry,
16538,,null,,null,dry,
16558,,null,,null,dry,
16572,,null,,null,dry,
16598,,null,,null,dry,
16638,,null,,null,dry,
16645,,null,,null,dry,
16683,,null,,null,dry,
16709,,OEL-78,,set,dry,
16698,,OEL-79,,set,dry,
16765,,null,,null,dry,
16792,,null,,null,dry,
16854,,null,,null,dry,
16884,,null,,null,dry,
17534,,OEL-70,,set,dry,
16931,,null,,null,dry,
16993,,OEL-69,,set,dry,
17092,,OEL-69,,set,dry,
17083,,OEL-69,,set,dry,
17100,,OEL-69,,set,dry,
17107,,null,,null,dry,
17114,,OEL-69,,set,dry,
17122,,OEL-69,,set,dry,
17132,,OEL-69,,set,dry,
17148,,OEL-69,,set,dry,
17155,,OEL-69,,set,dry,
17163,,OEL-69,,set,dry,
17169,,OEL-69,,set,dry,
17230,,null,,null,dry,
17248,,null,,null,dry,
17260,,null,,null,dry,
17282,,null,,null,dry,
17275,,null,,null,dry,
17298,,null,,null,dry,
17309,,null,,null,dry,
17323,,null,,null,dry,
17771,,null,,null,dry,
17443,,OEL-145,,set,dry,
17511,,null,,null,dry,
17564,,OEL-70,,set,dry,
17570,,OEL-70,,set,dry,
17577,,OEL-70,,set,dry,
17583,,OEL-70,,set,dry,
17589,,OEL-70,,set,dry,
17599,,OEL-70,,set,dry,
17610,,OEL-70,,set,dry,
17617,,OEL-70,,set,dry,
17624,,OEL-70,,set,dry,
17632,,OEL-70,,set,dry,
17641,,OEL-70,,set,dry,
17677,,OEL-70,,set,dry,
17691,,OEL-70,,set,dry,
17697,,OEL-70,,set,dry,
17706,,OEL-70,,set,dry,
17712,,OEL-70,,set,dry,
17717,,OEL-70,,set,dry,
17781,,null,,null,dry,
17792,,null,,null,dry,
17804,,null,,null,dry,
17818,,null,,null,dry,
17811,,null,,null,dry,
17838,,null,,null,dry,
17864,,null,,null,dry,
17906,,OEL-71,,set,dry,
17942,,OEL-71,,set,dry,
17953,,OEL-71,,set,dry,
17946,,OEL-71,,set,dry,
17957,,OEL-71,,set,dry,
17961,,OEL-71,,set,dry,
17973,,OEL-71,,set,dry,
17984,,OEL-71,,set,dry,
17988,,OEL-71,,set,dry,
18002,,OEL-71,,set,dry,
18021,,OEL-71,,set,dry,
18027,,OEL-71,,set,dry,
18033,,OEL-71,,set,dry,
18046,,OEL-71,,set,dry,
18053,,OEL-71,,set,dry,
18059,,OEL-71,,set,dry,
18167,,null,,null,dry,
19452,,null,,null,dry,
18176,,null,,null,dry,
18182,,null,,null,dry,
18191,,null,,null,dry,
18201,,OEL-150,,set,dry,
18212,,null,,null,dry,
18249,,null,,null,dry,
20045,,INS-1,,set,dry,
18583,,OEL-150,,set,dry,
18571,,OEL-150,,set,dry,
18594,,OEL-150,,set,dry,
18605,,OEL-150,,set,dry,
18612,,OEL-150,,set,dry,
18624,,OEL-150,,set,dry,
18632,,OEL-150,,set,dry,
18638,,OEL-150,,set,dry,
18648,,OEL-150,,set,dry,
18659,,OEL-150,,set,dry,
18666,,OEL-150,,set,dry,
18671,,OEL-150,,set,dry,
18676,,OEL-150,,set,dry,
18685,,OEL-150,,set,dry,
18692,,OEL-150,,set,dry,
18699,,OEL-150,,set,dry,
18707,,OEL-150,,set,dry,
18794,,null,,null,dry,
18807,,null,,null,dry,
18817,,null,,null,dry,
20138,,null,,null,dry,
18948,,null,,null,dry,
18996,,null,,null,dry,
19053,,OEL-72,,set,dry,
20335,,INS-1,,set,dry,
20102,,INS-1,,set,dry,
19067,,OEL-72,,set,dry,
19079,,OEL-72,,set,dry,
19093,,OEL-72,,set,dry,
19097,,OEL-72,,set,dry,
19114,,null,,null,dry,
19120,,OEL-72,,set,dry,
19123,,null,,null,dry,
19140,,null,,null,dry,
20109,,INS-1,,set,dry,
19155,,OEL-72,,set,dry,
19164,,OEL-72,,set,dry,
19177,,OEL-72,,set,dry,
19185,,OEL-72,,set,dry,
19197,,OEL-72,,set,dry,
19206,,OEL-72,,set,dry,
20734,,INS-2,,set,dry,
20624,,null,,null,dry,
20641,,null,,null,dry,
20643,,null,,null,dry,
19360,,null,,null,dry,
19365,,null,,null,dry,
19372,,null,,null,dry,
19380,,null,,null,dry,
19414,,null,,null,dry,
20554,,null,,null,dry,
19606,,OEL-73,,set,dry,
19647,,OEL-73,,set,dry,
19654,,OEL-73,,set,dry,
19660,,OEL-73,,set,dry,
19671,,OEL-73,,set,dry,
19678,,OEL-73,,set,dry,
19685,,OEL-73,,set,dry,
19694,,OEL-73,,set,dry,
19703,,OEL-73,,set,dry,
19709,,OEL-73,,set,dry,
19717,,OEL-73,,set,dry,
19724,,OEL-73,,set,dry,
19730,,OEL-73,,set,dry,
19737,,OEL-73,,set,dry,
19746,,OEL-73,,set,dry,
19755,,OEL-73,,set,dry,
19767,,OEL-73,,set,dry,
19775,,null,,null,dry,
19781,,OEL-73,,set,dry,
21044,,null,,null,dry,
20581,,null,,null,dry,
19848,,null,,null,dry,
19871,,null,,null,dry,
19879,,null,,null,dry,
19887,,null,,null,dry,
19896,,null,,null,dry,
20609,,null,,null,dry,
19927,,null,,null,dry,
20593,,null,,null,dry,
19990,,null,,null,dry,
28357,,null,,null,dry,
20116,,null,,null,dry,
20165,,OEL-151,,set,dry,
20170,,null,,null,dry,
20178,,null,,null,dry,
20188,,null,,null,dry,
20194,,null,,null,dry,
20201,,null,,null,dry,
20238,,null,,null,dry,
20244,,null,,null,dry,
20251,,null,,null,dry,
20311,,null,,null,dry,
20344,,INS-1,,set,dry,
20405,,null,,null,dry,
21098,,INS-4,,set,dry,
20473,,null,,null,dry,
20683,,null,,null,dry,
20757,,INS-2,,set,dry,
20766,,INS-2,,set,dry,
20772,,INS-2,,set,dry,
20783,,INS-2,,set,dry,
20790,,INS-2,,set,dry,
20904,,null,,null,dry,
20917,,null,,null,dry,
20931,,null,,null,dry,
20945,,null,,null,dry,
20947,,null,,null,dry,
20954,,null,,null,dry,
20991,,INS-4,,set,dry,
21009,,INS-4,,set,dry,
21022,,null,,null,dry,
21068,,null,,null,dry,
21104,,INS-4,,set,dry,
21112,,INS-4,,set,dry,
21119,,INS-4,,set,dry,
21126,,INS-4,,set,dry,
21133,,INS-4,,set,dry,
21141,,INS-4,,set,dry,
21148,,INS-4,,set,dry,
21175,,null,,null,dry,
21195,,OEL-151,,set,dry,
21184,,OEL-81,,set,dry,
21216,,OEL-151,,set,dry,
21223,,OEL-151,,set,dry,
21232,,OEL-151,,set,dry,
21239,,OEL-151,,set,dry,
21313,,null,,null,dry,
21336,,OEL-151,,set,dry,
21341,,OEL-151,,set,dry,
21347,,OEL-151,,set,dry,
21352,,OEL-151,,set,dry,
21356,,OEL-151,,set,dry,
21360,,OEL-151,,set,dry,
21364,,OEL-151,,set,dry,
21368,,OEL-151,,set,dry,
21374,,null,,null,dry,
21378,,OEL-151,,set,dry,
21382,,OEL-151,,set,dry,
21386,,OEL-151,,set,dry,
26719,,null,,null,dry,
21503,,null,,null,dry,
21518,,null,,null,dry,
21563,,INS-5,,set,dry,
21641,,null,,null,dry,
21625,,null,,null,dry,
21664,,null,,null,dry,
21713,,OEL-76,,set,dry,
21729,,OEL-76,,set,dry,
21739,,OEL-76,,set,dry,
21747,,OEL-76,,set,dry,
21754,,OEL-76,,set,dry,
21763,,OEL-76,,set,dry,
21775,,OEL-76,,set,dry,
21784,,OEL-76,,set,dry,
21790,,OEL-76,,set,dry,
21802,,OEL-76,,set,dry,
21811,,OEL-76,,set,dry,
21818,,OEL-76,,set,dry,
21836,,OEL-76,,set,dry,
21845,,OEL-76,,set,dry,
21852,,OEL-76,,set,dry,
21858,,OEL-76,,set,dry,
21871,,OEL-76,,set,dry,
21877,,OEL-76,,set,dry,
22155,,null,,null,dry,
22160,,null,,null,dry,
22167,,null,,null,dry,
22172,,null,,null,dry,
22179,,null,,null,dry,
22184,,null,,null,dry,
22189,,null,,null,dry,
22195,,null,,null,dry,
22207,,null,,null,dry,
22440,,OEL-74,,set,dry,
22246,,null,,null,dry,
22258,,null,,null,dry,
22267,,null,,null,dry,
22285,,null,,null,dry,
22328,,OEL-74,,set,dry,
22355,,OEL-74,,set,dry,
22361,,OEL-74,,set,dry,
22367,,OEL-74,,set,dry,
22373,,OEL-74,,set,dry,
22376,,OEL-74,,set,dry,
22384,,OEL-74,,set,dry,
22394,,OEL-74,,set,dry,
22409,,OEL-74,,set,dry,
22423,,OEL-74,,set,dry,
22446,,OEL-74,,set,dry,
22453,,OEL-74,,set,dry,
22459,,OEL-74,,set,dry,
22466,,OEL-74,,set,dry,
22554,,OEL-75,,set,dry,
22564,,OEL-75,,set,dry,
22569,,OEL-75,,set,dry,
22576,,OEL-75,,set,dry,
22585,,OEL-75,,set,dry,
22593,,OEL-75,,set,dry,
22598,,OEL-75,,set,dry,
22604,,OEL-75,,set,dry,
22615,,OEL-75,,set,dry,
22625,,OEL-75,,set,dry,
22651,,OEL-75,,set,dry,
22657,,OEL-75,,set,dry,
22779,,null,,null,dry,
22836,,null,,null,dry,
22856,,OEL-152,,set,dry,
22900,,null,,null,dry,
23099,,null,,null,dry,
23110,,OEL-152,,set,dry,
23171,,null,,null,dry,
23179,,null,,null,dry,
23189,,null,,null,dry,
23210,,null,,null,dry,
23229,,null,,null,dry,
23284,,OEL-152,,set,dry,
23753,,OEL-77,,set,dry,
24784,,null,,null,dry,
24792,,null,,null,dry,
24806,,null,,null,dry,
24144,,null,,null,dry,
23409,,null,,null,dry,
23423,,null,,null,dry,
23434,,null,,null,dry,
23444,,null,,null,dry,
23471,,null,,null,dry,
23491,,null,,null,dry,
23503,,null,,null,dry,
23611,,OEL-152,,set,dry,
23587,,OEL-152,,set,dry,
23603,,OEL-152,,set,dry,
23828,,OEL-77,,set,dry,
23623,,null,,null,dry,
23714,,OEL-152,,set,dry,
23723,,OEL-152,,set,dry,
23731,,OEL-152,,set,dry,
24290,,null,,null,dry,
23771,,OEL-77,,set,dry,
23790,,OEL-77,,set,dry,
24185,,null,,null,dry,
23803,,OEL-77,,set,dry,
23811,,OEL-77,,set,dry,
23844,,OEL-77,,set,dry,
23854,,OEL-77,,set,dry,
23866,,null,,null,dry,
24235,,OEL-152,,set,dry,
23974,,OEL-77,,set,dry,
23986,,OEL-77,,set,dry,
23998,,OEL-77,,set,dry,
24394,,null,,null,dry,
24041,,null,,null,dry,
24060,,null,,null,dry,
24075,,null,,null,dry,
24171,,null,,null,dry,
24192,,null,,null,dry,
24213,,OEL-152,,set,dry,
24246,,OEL-152,,set,dry,
24258,,OEL-152,,set,dry,
24269,,OEL-152,,set,dry,
24275,,null,,null,dry,
24302,,null,,null,dry,
24315,,OEL-123,,set,dry,
25399,,OEL-79,,set,dry,
25378,,OEL-79,,set,dry,
25404,,OEL-79,,set,dry,
24375,,null,,null,dry,
24467,,OEL-153,,set,dry,
24479,,OEL-153,,set,dry,
24458,,OEL-153,,set,dry,
24605,,null,,null,dry,
24534,,OEL-153,,set,dry,
24563,,null,,null,dry,
24571,,null,,null,dry,
24580,,null,,null,dry,
24589,,null,,null,dry,
24592,,null,,null,dry,
24706,,OEL-153,,set,dry,
24631,,OEL-78,,set,dry,
25573,,OEL-80,,set,dry,
24648,,OEL-78,,set,dry,
24658,,OEL-153,,set,dry,
24696,,OEL-153,,set,dry,
25363,,null,,null,dry,
24722,,null,,null,dry,
24752,,OEL-153,,set,dry,
24741,,OEL-153,,set,dry,
24766,,null,,null,dry,
24823,,null,,null,dry,
24834,,null,,null,dry,
24859,,OEL-78,,set,dry,
24907,,OEL-78,,set,dry,
24919,,OEL-78,,set,dry,
24933,,OEL-78,,set,dry,
24945,,OEL-78,,set,dry,
24951,,OEL-78,,set,dry,
24962,,OEL-78,,set,dry,
24971,,OEL-78,,set,dry,
24979,,OEL-78,,set,dry,
24980,,OEL-78,,set,dry,
25003,,OEL-78,,set,dry,
25009,,OEL-78,,set,dry,
25016,,OEL-78,,set,dry,
25022,,OEL-78,,set,dry,
25040,,null,,null,dry,
25044,,OEL-154,,set,dry,
25057,,null,,null,dry,
28345,,null,,null,dry,
28347,,null,,null,dry,
25282,,OEL-145,,set,dry,
25289,,OEL-145,,set,dry,
25300,,OEL-145,,set,dry,
25306,,OEL-145,,set,dry,
25318,,OEL-145,,set,dry,
25325,,OEL-145,,set,dry,
25335,,OEL-145,,set,dry,
25344,,OEL-145,,set,dry,
25411,,OEL-79,,set,dry,
25417,,OEL-79,,set,dry,
25424,,OEL-79,,set,dry,
25429,,OEL-79,,set,dry,
25436,,OEL-79,,set,dry,
25443,,OEL-79,,set,dry,
25448,,OEL-79,,set,dry,
25460,,OEL-79,,set,dry,
25469,,OEL-79,,set,dry,
25474,,OEL-79,,set,dry,
25587,,OEL-80,,set,dry,
25606,,OEL-80,,set,dry,
25621,,OEL-80,,set,dry,
25616,,OEL-80,,set,dry,
25627,,OEL-80,,set,dry,
25634,,OEL-80,,set,dry,
25636,,OEL-80,,set,dry,
25651,,OEL-80,,set,dry,
25652,,OEL-80,,set,dry,
25655,,OEL-80,,set,dry,
25743,,null,,null,dry,
25686,,OEL-80,,set,dry,
25752,,null,,null,dry,
25764,,null,,null,dry,
25775,,OEL-110,,set,dry,
25790,,null,,null,dry,
25797,,null,,null,dry,
25842,,OEL-81,,set,dry,
25963,,OEL-154,,set,dry,
25892,,OEL-81,,set,dry,
25913,,OEL-154,,set,dry,
25931,,OEL-154,,set,dry,
25942,,OEL-154,,set,dry,
25953,,OEL-154,,set,dry,
25976,,OEL-154,,set,dry,
25987,,OEL-154,,set,dry,
26004,,null,,null,dry,
26012,,null,,null,dry,
26019,,OEL-154,,set,dry,
26045,,OEL-154,,set,dry,
26049,,OEL-154,,set,dry,
26055,,OEL-154,,set,dry,
26248,,null,,null,dry,
26082,,INS-5,,set,dry,
26093,,INS-5,,set,dry,
26100,,INS-5,,set,dry,
26106,,INS-5,,set,dry,
26109,,INS-5,,set,dry,
26217,,null,,null,dry,
26263,,OEL-81,,set,dry,
26264,,OEL-81,,set,dry,
26280,,OEL-81,,set,dry,
26288,,OEL-81,,set,dry,
26294,,OEL-81,,set,dry,
26302,,OEL-81,,set,dry,
26308,,OEL-81,,set,dry,
26310,,OEL-81,,set,dry,
26331,,OEL-81,,set,dry,
26332,,OEL-81,,set,dry,
26343,,OEL-81,,set,dry,
26344,,OEL-81,,set,dry,
26355,,OEL-81,,set,dry,
26359,,OEL-81,,set,dry,
26371,,OEL-81,,set,dry,
26376,,OEL-81,,set,dry,
26386,,OEL-81,,set,dry,
26387,,OEL-81,,set,dry,
26399,,null,,null,dry,
26400,,OEL-81,,set,dry,
26412,,null,,null,dry,
26413,,OEL-81,,set,dry,
26429,,OEL-81,,set,dry,
26428,,OEL-81,,set,dry,
26441,,OEL-81,,set,dry,
26442,,OEL-81,,set,dry,
26481,,OEL-81,,set,dry,
26493,,OEL-81,,set,dry,
26522,,null,,null,dry,
26533,,null,,null,dry,
26563,,OEL-154,,set,dry,
26577,,OEL-154,,set,dry,
26588,,OEL-154,,set,dry,
26600,,OEL-154,,set,dry,
26612,,OEL-154,,set,dry,
26625,,null,,null,dry,
26637,,null,,null,dry,
26663,,OEL-139,,set,dry,
26672,,OEL-141,,set,dry,
26680,,OEL-93,,set,dry,
26735,,OEL-82,,set,dry,
26743,,OEL-82,,set,dry,
26762,,OEL-82,,set,dry,
26771,,OEL-82,,set,dry,
26779,,OEL-82,,set,dry,
26782,,OEL-82,,set,dry,
26792,,OEL-82,,set,dry,
26799,,OEL-82,,set,dry,
26804,,OEL-82,,set,dry,
26810,,OEL-82,,set,dry,
26816,,OEL-82,,set,dry,
26824,,OEL-82,,set,dry,
26829,,OEL-82,,set,dry,
27052,,null,,null,dry,
26873,,OEL-83,,set,dry,
26899,,OEL-83,,set,dry,
26905,,OEL-83,,set,dry,
26913,,OEL-83,,set,dry,
26924,,OEL-83,,set,dry,
26934,,OEL-83,,set,dry,
26943,,OEL-83,,set,dry,
26949,,OEL-83,,set,dry,
26955,,OEL-83,,set,dry,
26962,,OEL-83,,set,dry,
26967,,OEL-83,,set,dry,
26973,,OEL-83,,set,dry,
26977,,OEL-83,,set,dry,
27304,,OEL-155,,set,dry,
27066,,null,,null,dry,
27073,,null,,null,dry,
27079,,null,,null,dry,
27085,,null,,null,dry,
27226,,OEL-155,,set,dry,
27237,,OEL-155,,set,dry,
27276,,OEL-155,,set,dry,
27285,,OEL-155,,set,dry,
27313,,null,,null,dry,
27335,,null,,null,dry,
27329,,null,,null,dry,
27340,,null,,null,dry,
27423,,OEL-155,,set,dry,
27435,,null,,null,dry,
27439,,OEL-155,,set,dry,
27501,,OEL-85,,set,dry,
27532,,OEL-155,,set,dry,
27637,,null,,null,dry,
27732,,OEL-84,,set,dry,
27766,,null,,null,dry,
27578,,OEL-156,,set,dry,
27591,,null,,null,dry,
27750,,null,,null,dry,
27757,,null,,null,dry,
27721,,OEL-84,,set,dry,
27611,,null,,null,dry,
27648,,null,,null,dry,
27655,,null,,null,dry,
27661,,null,,null,dry,
27669,,null,,null,dry,
27675,,null,,null,dry,
27909,,null,,null,dry,
27843,,OEL-159,,set,dry,
27741,,null,,null,dry,
27798,,null,,null,dry,
27869,,OEL-156,,set,dry,
27879,,OEL-156,,set,dry,
27887,,OEL-156,,set,dry,
27903,,OEL-156,,set,dry,
27919,,null,,null,dry,
28006,,OEL-156,,set,dry,
28019,,OEL-156,,set,dry,
28025,,OEL-156,,set,dry,
28030,,OEL-156,,set,dry,
28049,,OEL-156,,set,dry,
28060,,OEL-156,,set,dry,
28065,,OEL-156,,set,dry,
28072,,OEL-156,,set,dry,
28080,,OEL-156,,set,dry,
28101,,null,,null,dry,
28109,,null,,null,dry,
28114,,OEL-156,,set,dry,
28212,,null,,null,dry,
28220,,null,,null,dry,
28234,,null,,null,dry,
28247,,OEL-157,,set,dry,
28297,,OEL-157,,set,dry,
28366,,OEL-129,,set,dry,
28554,,OEL-157,,set,dry,
28416,,OEL-157,,set,dry,
28661,,OEL-157,,set,dry,
28433,,OEL-157,,set,dry,
28457,,OEL-129,,set,dry,
28486,,null,,null,dry,
28513,,OEL-158,,set,dry,
28522,,null,,null,dry,
28708,,null,,null,dry,
28540,,OEL-157,,set,dry,
28564,,OEL-157,,set,dry,
28577,,null,,null,dry,
28578,,OEL-157,,set,dry,
28579,,OEL-157,,set,dry,
28604,,OEL-157,,set,dry,
28617,,OEL-157,,set,dry,
28621,,OEL-157,,set,dry,
28634,,OEL-157,,set,dry,
28674,,OEL-157,,set,dry,
28682,,null,,null,dry,
28686,,null,,null,dry,
28694,,OEL-157,,set,dry,
28739,,null,,null,dry,
28761,,null,,null,dry,
28790,,OEL-158,,set,dry,
28800,,OEL-158,,set,dry,
28823,,OEL-158,,set,dry,
28831,,OEL-158,,set,dry,
28843,,OEL-158,,set,dry,
28854,,OEL-158,,set,dry,
28851,,OEL-158,,set,dry,
28951,,OEL-84,,set,dry,
28980,,OEL-84,,set,dry,
28981,,OEL-84,,set,dry,
28990,,OEL-84,,set,dry,
28991,,OEL-84,,set,dry,
29002,,OEL-84,,set,dry,
29007,,null,,null,dry,
29019,,OEL-84,,set,dry,
29020,,OEL-84,,set,dry,
29030,,OEL-84,,set,dry,
29033,,null,,null,dry,
29045,,OEL-84,,set,dry,
29100,,OEL-158,,set,dry,
29117,,OEL-158,,set,dry,
29127,,OEL-158,,set,dry,
29133,,OEL-158,,set,dry,
29139,,OEL-158,,set,dry,
29149,,OEL-158,,set,dry,
29167,,null,,null,dry,
29160,,OEL-158,,set,dry,
29172,,null,,null,dry,
29186,,null,,null,dry,
29195,,null,,null,dry,
29310,,OEL-142,,set,dry,
29344,,OEL-153,,set,dry,
29364,,OEL-152,,set,dry,
29384,,OEL-151,,set,dry,
29403,,OEL-151,,set,dry,
29418,,OEL-150,,set,dry,
29429,,OEL-150,,set,dry,
29491,,OEL-149,,set,dry,
29848,,OEL-147,,set,dry,
29864,,OEL-149,,set,dry,
29876,,OEL-149,,set,dry,
30002,,OEL-85,,set,dry,
30009,,OEL-85,,set,dry,
30014,,OEL-85,,set,dry,
30022,,OEL-85,,set,dry,
30028,,OEL-85,,set,dry,
30038,,OEL-85,,set,dry,
30049,,OEL-85,,set,dry,
30054,,OEL-85,,set,dry,
30061,,OEL-85,,set,dry,
30074,,OEL-85,,set,dry,
44877,,null,,null,dry,
44887,,null,,null,dry,
30128,,OEL-86,,set,dry,
31031,,OEL-91,,set,dry,
30152,,OEL-86,,set,dry,
30162,,OEL-86,,set,dry,
30169,,OEL-86,,set,dry,
30175,,OEL-86,,set,dry,
30183,,OEL-86,,set,dry,
30184,,OEL-86,,set,dry,
30191,,OEL-86,,set,dry,
30198,,OEL-86,,set,dry,
30207,,OEL-86,,set,dry,
30220,,OEL-86,,set,dry,
30221,,OEL-86,,set,dry,
30232,,OEL-86,,set,dry,
30249,,OEL-86,,set,dry,
30257,,OEL-86,,set,dry,
30260,,OEL-86,,set,dry,
30343,,OEL-87,,set,dry,
30347,,OEL-86,,set,dry,
30319,,OEL-87,,set,dry,
30359,,OEL-87,,set,dry,
30367,,OEL-87,,set,dry,
30368,,OEL-87,,set,dry,
30377,,OEL-87,,set,dry,
30387,,OEL-87,,set,dry,
30385,,OEL-87,,set,dry,
30409,,OEL-87,,set,dry,
30421,,OEL-87,,set,dry,
30422,,OEL-87,,set,dry,
30437,,OEL-87,,set,dry,
30439,,OEL-87,,set,dry,
31785,,OEL-159,,set,dry,
30450,,OEL-87,,set,dry,
30455,,OEL-87,,set,dry,
30472,,null,,null,dry,
30481,,OEL-88,,set,dry,
31770,,OEL-159,,set,dry,
30503,,OEL-88,,set,dry,
30510,,OEL-88,,set,dry,
30515,,OEL-88,,set,dry,
30521,,OEL-88,,set,dry,
30524,,OEL-88,,set,dry,
30532,,OEL-88,,set,dry,
30539,,OEL-88,,set,dry,
30548,,OEL-88,,set,dry,
30549,,OEL-88,,set,dry,
30568,,OEL-88,,set,dry,
30578,,OEL-88,,set,dry,
30579,,OEL-88,,set,dry,
30593,,OEL-88,,set,dry,
30592,,OEL-88,,set,dry,
31189,,OEL-92,,set,dry,
30610,,OEL-88,,set,dry,
30623,,OEL-88,,set,dry,
31775,,OEL-159,,set,dry,
30697,,OEL-89,,set,dry,
30699,,OEL-89,,set,dry,
30714,,OEL-89,,set,dry,
30715,,OEL-89,,set,dry,
30724,,OEL-89,,set,dry,
30736,,OEL-89,,set,dry,
30738,,OEL-89,,set,dry,
30750,,OEL-89,,set,dry,
30756,,OEL-89,,set,dry,
30764,,null,,null,dry,
30788,,OEL-89,,set,dry,
30805,,OEL-89,,set,dry,
30824,,OEL-89,,set,dry,
30832,,OEL-89,,set,dry,
30876,,OEL-90,,set,dry,
30883,,OEL-90,,set,dry,
30888,,OEL-90,,set,dry,
30898,,OEL-90,,set,dry,
30906,,OEL-90,,set,dry,
30927,,OEL-90,,set,dry,
30929,,OEL-90,,set,dry,
30943,,OEL-90,,set,dry,
30950,,OEL-90,,set,dry,
30951,,OEL-90,,set,dry,
30952,,OEL-90,,set,dry,
30972,,OEL-90,,set,dry,
30975,,OEL-90,,set,dry,
30984,,OEL-90,,set,dry,
30985,,OEL-90,,set,dry,
30994,,OEL-90,,set,dry,
30997,,OEL-90,,set,dry,
31008,,OEL-90,,set,dry,
31014,,OEL-90,,set,dry,
31034,,OEL-91,,set,dry,
31066,,OEL-91,,set,dry,
31086,,OEL-91,,set,dry,
31087,,OEL-91,,set,dry,
31100,,OEL-91,,set,dry,
31104,,OEL-91,,set,dry,
31111,,OEL-91,,set,dry,
31128,,OEL-91,,set,dry,
31129,,OEL-91,,set,dry,
31143,,OEL-91,,set,dry,
31146,,OEL-91,,set,dry,
31148,,OEL-91,,set,dry,
31221,,OEL-92,,set,dry,
31230,,OEL-92,,set,dry,
31236,,OEL-92,,set,dry,
31248,,OEL-92,,set,dry,
31256,,OEL-92,,set,dry,
31261,,OEL-92,,set,dry,
31264,,OEL-92,,set,dry,
31276,,OEL-92,,set,dry,
31278,,OEL-92,,set,dry,
31286,,OEL-92,,set,dry,
31287,,OEL-92,,set,dry,
31301,,OEL-92,,set,dry,
31302,,OEL-92,,set,dry,
31305,,OEL-92,,set,dry,
31317,,OEL-92,,set,dry,
31321,,OEL-92,,set,dry,
31322,,OEL-92,,set,dry,
31399,,OEL-93,,set,dry,
31410,,OEL-93,,set,dry,
31414,,OEL-93,,set,dry,
31423,,OEL-93,,set,dry,
31431,,OEL-93,,set,dry,
31432,,OEL-93,,set,dry,
31442,,OEL-93,,set,dry,
31439,,OEL-93,,set,dry,
31459,,OEL-93,,set,dry,
31460,,OEL-93,,set,dry,
31458,,OEL-93,,set,dry,
31479,,OEL-93,,set,dry,
31480,,OEL-93,,set,dry,
31481,,OEL-93,,set,dry,
31484,,OEL-93,,set,dry,
31487,,OEL-117,,set,dry,
31505,,OEL-93,,set,dry,
31506,,OEL-93,,set,dry,
31510,,OEL-93,,set,dry,
31514,,OEL-93,,set,dry,
31534,,OEL-93,,set,dry,
31542,,OEL-117,,set,dry,
31544,,OEL-117,,set,dry,
31574,,OEL-117,,set,dry,
31584,,OEL-117,,set,dry,
31607,,OEL-159,,set,dry,
33121,,OEL-160,,set,dry,
33063,,OEL-160,,set,dry,
32654,,OEL-159,,set,dry,
31739,,OEL-159,,set,dry,
31749,,OEL-159,,set,dry,
31796,,OEL-94,,set,dry,
31800,,OEL-94,,set,dry,
31806,,null,,null,dry,
31807,,OEL-94,,set,dry,
31816,,OEL-94,,set,dry,
31827,,OEL-94,,set,dry,
31834,,OEL-94,,set,dry,
31835,,OEL-94,,set,dry,
31849,,OEL-94,,set,dry,
31860,,OEL-94,,set,dry,
31869,,OEL-94,,set,dry,
31871,,OEL-94,,set,dry,
31894,,OEL-94,,set,dry,
31896,,OEL-94,,set,dry,
31916,,OEL-94,,set,dry,
31913,,OEL-94,,set,dry,
31924,,OEL-94,,set,dry,
31931,,OEL-94,,set,dry,
31934,,OEL-94,,set,dry,
31946,,null,,null,dry,
31954,,null,,null,dry,
32665,,OEL-159,,set,dry,
32031,,OEL-95,,set,dry,
32033,,OEL-95,,set,dry,
32051,,OEL-95,,set,dry,
32054,,OEL-95,,set,dry,
32061,,OEL-95,,set,dry,
32068,,OEL-95,,set,dry,
32075,,OEL-95,,set,dry,
32081,,OEL-95,,set,dry,
32092,,OEL-95,,set,dry,
32094,,OEL-95,,set,dry,
32107,,OEL-95,,set,dry,
32109,,OEL-95,,set,dry,
32127,,OEL-95,,set,dry,
33049,,null,,null,dry,
32137,,OEL-95,,set,dry,
32144,,OEL-95,,set,dry,
32146,,OEL-96,,set,dry,
32174,,OEL-96,,set,dry,
32186,,OEL-96,,set,dry,
32188,,OEL-96,,set,dry,
32197,,OEL-96,,set,dry,
32200,,OEL-96,,set,dry,
32211,,OEL-96,,set,dry,
32215,,OEL-96,,set,dry,
32227,,OEL-96,,set,dry,
32232,,OEL-96,,set,dry,
32241,,OEL-96,,set,dry,
32242,,OEL-96,,set,dry,
32254,,OEL-96,,set,dry,
32258,,OEL-96,,set,dry,
32273,,OEL-96,,set,dry,
32284,,OEL-96,,set,dry,
32292,,OEL-96,,set,dry,
32319,,OEL-97,,set,dry,
32362,,OEL-97,,set,dry,
32367,,OEL-97,,set,dry,
32369,,OEL-97,,set,dry,
32378,,OEL-97,,set,dry,
32379,,OEL-97,,set,dry,
32387,,OEL-97,,set,dry,
32391,,OEL-97,,set,dry,
32404,,OEL-97,,set,dry,
32406,,OEL-97,,set,dry,
32415,,OEL-97,,set,dry,
32418,,OEL-97,,set,dry,
32427,,OEL-97,,set,dry,
32441,,OEL-97,,set,dry,
32448,,OEL-97,,set,dry,
32450,,OEL-97,,set,dry,
32464,,OEL-97,,set,dry,
32487,,OEL-98,,set,dry,
32495,,OEL-98,,set,dry,
32496,,OEL-98,,set,dry,
32533,,OEL-98,,set,dry,
32536,,OEL-98,,set,dry,
32537,,OEL-98,,set,dry,
32555,,OEL-98,,set,dry,
32554,,OEL-98,,set,dry,
32557,,OEL-98,,set,dry,
32561,,OEL-98,,set,dry,
32574,,OEL-98,,set,dry,
32578,,OEL-98,,set,dry,
32580,,OEL-98,,set,dry,
32586,,OEL-98,,set,dry,
32601,,OEL-98,,set,dry,
32607,,OEL-98,,set,dry,
32618,,OEL-98,,set,dry,
34619,,OEL-109,,set,dry,
34387,,null,,null,dry,
33008,,OEL-159,,set,dry,
32677,,OEL-99,,set,dry,
32679,,OEL-99,,set,dry,
32703,,OEL-99,,set,dry,
32709,,OEL-99,,set,dry,
32719,,OEL-99,,set,dry,
32720,,OEL-99,,set,dry,
32729,,OEL-99,,set,dry,
32735,,OEL-99,,set,dry,
32743,,OEL-99,,set,dry,
32752,,OEL-99,,set,dry,
32756,,OEL-99,,set,dry,
32763,,OEL-99,,set,dry,
32785,,OEL-100,,set,dry,
32789,,OEL-100,,set,dry,
32856,,OEL-100,,set,dry,
32858,,OEL-100,,set,dry,
32860,,OEL-100,,set,dry,
32869,,OEL-100,,set,dry,
32883,,OEL-100,,set,dry,
32884,,OEL-100,,set,dry,
32896,,OEL-100,,set,dry,
32890,,OEL-100,,set,dry,
32902,,OEL-100,,set,dry,
32908,,OEL-100,,set,dry,
32920,,OEL-100,,set,dry,
33081,,null,,null,dry,
33499,,OEL-102,,set,dry,
33155,,OEL-101,,set,dry,
33156,,OEL-101,,set,dry,
33170,,OEL-101,,set,dry,
33178,,OEL-101,,set,dry,
33179,,OEL-101,,set,dry,
33184,,OEL-101,,set,dry,
33190,,OEL-101,,set,dry,
33197,,OEL-101,,set,dry,
33209,,OEL-101,,set,dry,
33228,,OEL-160,,set,dry,
33295,,OEL-160,,set,dry,
33328,,OEL-160,,set,dry,
33472,,OEL-160,,set,dry,
33488,,OEL-102,,set,dry,
33504,,OEL-102,,set,dry,
33510,,OEL-102,,set,dry,
33513,,OEL-102,,set,dry,
33522,,OEL-102,,set,dry,
33524,,OEL-102,,set,dry,
33533,,OEL-102,,set,dry,
33537,,OEL-102,,set,dry,
33543,,OEL-102,,set,dry,
33551,,OEL-102,,set,dry,
33552,,OEL-102,,set,dry,
33553,,OEL-102,,set,dry,
33577,,OEL-102,,set,dry,
33601,,OEL-155,,set,dry,
33635,,OEL-160,,set,dry,
33645,,OEL-160,,set,dry,
33725,,OEL-103,,set,dry,
33732,,OEL-103,,set,dry,
33733,,OEL-103,,set,dry,
33714,,OEL-103,,set,dry,
33716,,OEL-103,,set,dry,
33706,,OEL-103,,set,dry,
33691,,OEL-103,,set,dry,
33742,,OEL-103,,set,dry,
33746,,OEL-103,,set,dry,
33755,,OEL-103,,set,dry,
33769,,OEL-103,,set,dry,
33777,,OEL-103,,set,dry,
33778,,OEL-103,,set,dry,
33783,,OEL-103,,set,dry,
33798,,OEL-103,,set,dry,
33802,,OEL-103,,set,dry,
33873,,OEL-104,,set,dry,
33867,,OEL-104,,set,dry,
33877,,OEL-104,,set,dry,
33882,,OEL-104,,set,dry,
33888,,OEL-104,,set,dry,
33901,,OEL-104,,set,dry,
33902,,OEL-104,,set,dry,
33910,,OEL-104,,set,dry,
33914,,OEL-104,,set,dry,
33917,,OEL-104,,set,dry,
33932,,OEL-104,,set,dry,
33934,,OEL-104,,set,dry,
33928,,OEL-104,,set,dry,
33945,,OEL-104,,set,dry,
33947,,OEL-104,,set,dry,
33958,,OEL-104,,set,dry,
33959,,OEL-104,,set,dry,
33963,,OEL-104,,set,dry,
34404,,OEL-106,,set,dry,
33989,,OEL-160,,set,dry,
34004,,OEL-105,,set,dry,
34018,,OEL-105,,set,dry,
34022,,OEL-105,,set,dry,
34023,,OEL-105,,set,dry,
34033,,OEL-105,,set,dry,
34037,,OEL-105,,set,dry,
34040,,OEL-105,,set,dry,
34046,,OEL-105,,set,dry,
34064,,OEL-105,,set,dry,
34140,,OEL-107,,set,dry,
34141,,OEL-160,,set,dry,
34630,,OEL-109,,set,dry,
34626,,OEL-109,,set,dry,
34149,,OEL-107,,set,dry,
34154,,OEL-107,,set,dry,
34155,,OEL-107,,set,dry,
34159,,OEL-107,,set,dry,
34173,,OEL-107,,set,dry,
34182,,OEL-107,,set,dry,
34184,,OEL-107,,set,dry,
34185,,OEL-107,,set,dry,
34197,,OEL-107,,set,dry,
34198,,OEL-107,,set,dry,
34217,,OEL-107,,set,dry,
34224,,OEL-107,,set,dry,
34234,,OEL-107,,set,dry,
34239,,OEL-107,,set,dry,
34249,,OEL-107,,set,dry,
34251,,OEL-107,,set,dry,
34257,,OEL-107,,set,dry,
34295,,OEL-160,,set,dry,
34310,,OEL-160,,set,dry,
34328,,OEL-160,,set,dry,
34335,,null,,null,dry,
34343,,null,,null,dry,
34349,,OEL-160,,set,dry,
34406,,OEL-106,,set,dry,
34415,,OEL-106,,set,dry,
34417,,OEL-106,,set,dry,
34426,,OEL-106,,set,dry,
34428,,OEL-106,,set,dry,
34436,,OEL-106,,set,dry,
34439,,OEL-106,,set,dry,
34452,,OEL-106,,set,dry,
34459,,OEL-106,,set,dry,
34460,,OEL-106,,set,dry,
34466,,OEL-106,,set,dry,
34474,,OEL-106,,set,dry,
34486,,OEL-106,,set,dry,
34487,,OEL-106,,set,dry,
34497,,OEL-106,,set,dry,
34525,,OEL-108,,set,dry,
34526,,OEL-108,,set,dry,
34538,,OEL-108,,set,dry,
34540,,OEL-108,,set,dry,
34551,,OEL-108,,set,dry,
34555,,OEL-108,,set,dry,
34558,,OEL-108,,set,dry,
34565,,OEL-108,,set,dry,
34568,,OEL-108,,set,dry,
34576,,OEL-108,,set,dry,
34578,,OEL-108,,set,dry,
34585,,OEL-108,,set,dry,
34589,,OEL-108,,set,dry,
34594,,OEL-108,,set,dry,
34599,,OEL-108,,set,dry,
34642,,OEL-109,,set,dry,
34647,,OEL-109,,set,dry,
34650,,OEL-109,,set,dry,
34656,,OEL-109,,set,dry,
34661,,OEL-109,,set,dry,
34675,,OEL-109,,set,dry,
34680,,OEL-109,,set,dry,
34685,,OEL-109,,set,dry,
34689,,OEL-109,,set,dry,
34696,,OEL-109,,set,dry,
34701,,OEL-109,,set,dry,
34709,,OEL-109,,set,dry,
34715,,OEL-109,,set,dry,
36205,,OEL-117,,set,dry,
34768,,OEL-110,,set,dry,
34764,,null,,null,dry,
34775,,OEL-110,,set,dry,
34782,,OEL-110,,set,dry,
34784,,OEL-110,,set,dry,
34789,,OEL-110,,set,dry,
34790,,OEL-110,,set,dry,
34793,,OEL-110,,set,dry,
34805,,OEL-110,,set,dry,
34814,,OEL-110,,set,dry,
34828,,OEL-110,,set,dry,
34838,,OEL-110,,set,dry,
34840,,OEL-110,,set,dry,
34851,,OEL-110,,set,dry,
34854,,OEL-110,,set,dry,
34886,,null,,null,dry,
35160,,null,,null,dry,
35559,,OEL-112,,set,dry,
35234,,OEL-161,,set,dry,
35276,,null,,null,dry,
35330,,OEL-111,,set,dry,
35334,,OEL-111,,set,dry,
35335,,OEL-111,,set,dry,
35312,,null,,null,dry,
35315,,OEL-111,,set,dry,
35325,,OEL-111,,set,dry,
35349,,OEL-111,,set,dry,
35344,,OEL-111,,set,dry,
35353,,OEL-111,,set,dry,
35359,,OEL-111,,set,dry,
35368,,OEL-111,,set,dry,
35371,,OEL-111,,set,dry,
35376,,OEL-111,,set,dry,
35381,,OEL-111,,set,dry,
35391,,OEL-111,,set,dry,
35394,,OEL-111,,set,dry,
35402,,OEL-111,,set,dry,
35406,,OEL-111,,set,dry,
35411,,OEL-111,,set,dry,
35416,,OEL-111,,set,dry,
35566,,OEL-112,,set,dry,
35571,,OEL-112,,set,dry,
35575,,OEL-112,,set,dry,
35580,,OEL-112,,set,dry,
35586,,OEL-112,,set,dry,
35594,,OEL-112,,set,dry,
35604,,OEL-112,,set,dry,
35609,,OEL-112,,set,dry,
35616,,OEL-112,,set,dry,
35621,,OEL-112,,set,dry,
35627,,OEL-112,,set,dry,
35635,,OEL-112,,set,dry,
35636,,OEL-112,,set,dry,
35646,,OEL-112,,set,dry,
35656,,OEL-112,,set,dry,
35988,,OEL-115,,set,dry,
37575,,OEL-122,,set,dry,
35707,,OEL-113,,set,dry,
35717,,OEL-113,,set,dry,
35724,,OEL-113,,set,dry,
35730,,OEL-113,,set,dry,
35735,,OEL-113,,set,dry,
35736,,OEL-113,,set,dry,
35749,,OEL-113,,set,dry,
35752,,OEL-113,,set,dry,
35758,,OEL-113,,set,dry,
35772,,OEL-113,,set,dry,
35786,,OEL-113,,set,dry,
35865,,OEL-113,,set,dry,
35797,,OEL-113,,set,dry,
35799,,OEL-113,,set,dry,
35807,,OEL-113,,set,dry,
35819,,OEL-113,,set,dry,
35825,,OEL-113,,set,dry,
35826,,OEL-113,,set,dry,
35837,,OEL-113,,set,dry,
35842,,OEL-113,,set,dry,
35850,,OEL-113,,set,dry,
35851,,OEL-113,,set,dry,
35879,,OEL-114,,set,dry,
35887,,OEL-114,,set,dry,
35895,,OEL-114,,set,dry,
35901,,OEL-114,,set,dry,
35910,,OEL-114,,set,dry,
37119,,OEL-161,,set,dry,
36001,,OEL-115,,set,dry,
35922,,OEL-114,,set,dry,
35933,,OEL-114,,set,dry,
35944,,OEL-114,,set,dry,
35951,,OEL-114,,set,dry,
35957,,OEL-114,,set,dry,
35968,,OEL-114,,set,dry,
35973,,OEL-114,,set,dry,
35977,,OEL-114,,set,dry,
35978,,OEL-114,,set,dry,
36006,,OEL-115,,set,dry,
36011,,OEL-115,,set,dry,
36015,,OEL-115,,set,dry,
36021,,OEL-115,,set,dry,
36026,,OEL-115,,set,dry,
36032,,OEL-115,,set,dry,
36037,,OEL-115,,set,dry,
36044,,OEL-115,,set,dry,
36055,,OEL-115,,set,dry,
36061,,OEL-115,,set,dry,
36067,,OEL-115,,set,dry,
36071,,OEL-115,,set,dry,
36077,,OEL-115,,set,dry,
36096,,OEL-116,,set,dry,
36086,,OEL-116,,set,dry,
36102,,OEL-116,,set,dry,
36111,,OEL-116,,set,dry,
36116,,OEL-116,,set,dry,
36120,,OEL-116,,set,dry,
36125,,OEL-116,,set,dry,
36130,,OEL-116,,set,dry,
36135,,OEL-116,,set,dry,
36142,,OEL-116,,set,dry,
36149,,OEL-116,,set,dry,
36155,,OEL-116,,set,dry,
36161,,OEL-116,,set,dry,
36167,,OEL-116,,set,dry,
36175,,OEL-116,,set,dry,
36178,,OEL-116,,set,dry,
36184,,OEL-116,,set,dry,
36214,,OEL-117,,set,dry,
36224,,OEL-117,,set,dry,
36231,,OEL-117,,set,dry,
36236,,OEL-117,,set,dry,
36240,,OEL-117,,set,dry,
36246,,OEL-117,,set,dry,
36260,,OEL-117,,set,dry,
36262,,OEL-117,,set,dry,
36272,,OEL-117,,set,dry,
36284,,OEL-117,,set,dry,
36297,,OEL-118,,set,dry,
36308,,OEL-118,,set,dry,
36315,,OEL-118,,set,dry,
36320,,OEL-118,,set,dry,
36323,,OEL-118,,set,dry,
36328,,OEL-118,,set,dry,
36333,,OEL-118,,set,dry,
36338,,OEL-118,,set,dry,
36343,,OEL-118,,set,dry,
36349,,OEL-118,,set,dry,
36354,,OEL-118,,set,dry,
36358,,OEL-118,,set,dry,
36365,,OEL-118,,set,dry,
36372,,OEL-118,,set,dry,
36386,,OEL-118,,set,dry,
36391,,OEL-118,,set,dry,
36424,,OEL-119,,set,dry,
36404,,OEL-119,,set,dry,
36413,,OEL-119,,set,dry,
36428,,OEL-119,,set,dry,
36434,,OEL-119,,set,dry,
36440,,OEL-119,,set,dry,
36444,,OEL-119,,set,dry,
36449,,OEL-119,,set,dry,
36456,,OEL-119,,set,dry,
36460,,OEL-119,,set,dry,
36465,,OEL-119,,set,dry,
36472,,OEL-119,,set,dry,
36498,,null,,null,dry,
36478,,OEL-119,,set,dry,
36488,,null,,null,dry,
38450,,OEL-128,,set,dry,
37001,,OEL-161,,set,dry,
37130,,OEL-161,,set,dry,
37146,,OEL-161,,set,dry,
37148,,OEL-161,,set,dry,
37171,,null,,null,dry,
37158,,OEL-161,,set,dry,
37179,,null,,null,dry,
37252,,OEL-161,,set,dry,
37263,,OEL-161,,set,dry,
37279,,OEL-161,,set,dry,
37287,,OEL-161,,set,dry,
37295,,OEL-161,,set,dry,
37304,,OEL-120,,set,dry,
37326,,OEL-120,,set,dry,
37330,,OEL-120,,set,dry,
37334,,OEL-120,,set,dry,
37339,,OEL-120,,set,dry,
37344,,OEL-120,,set,dry,
37348,,OEL-120,,set,dry,
37353,,OEL-120,,set,dry,
37357,,OEL-120,,set,dry,
37362,,OEL-120,,set,dry,
37372,,OEL-120,,set,dry,
37377,,OEL-120,,set,dry,
37381,,OEL-120,,set,dry,
37385,,OEL-120,,set,dry,
37392,,OEL-120,,set,dry,
37396,,OEL-120,,set,dry,
37400,,OEL-120,,set,dry,
37407,,OEL-120,,set,dry,
37414,,OEL-120,,set,dry,
37441,,OEL-121,,set,dry,
37460,,OEL-121,,set,dry,
37465,,OEL-121,,set,dry,
37473,,OEL-121,,set,dry,
37477,,OEL-121,,set,dry,
37481,,OEL-121,,set,dry,
37500,,OEL-121,,set,dry,
37505,,OEL-121,,set,dry,
37511,,OEL-121,,set,dry,
37515,,OEL-121,,set,dry,
37519,,OEL-121,,set,dry,
37523,,OEL-121,,set,dry,
37527,,OEL-121,,set,dry,
37531,,OEL-121,,set,dry,
37596,,OEL-122,,set,dry,
37599,,OEL-122,,set,dry,
37603,,OEL-122,,set,dry,
37608,,OEL-122,,set,dry,
37631,,OEL-122,,set,dry,
37638,,OEL-122,,set,dry,
37643,,OEL-122,,set,dry,
37650,,OEL-122,,set,dry,
37656,,OEL-122,,set,dry,
37663,,OEL-122,,set,dry,
37668,,OEL-122,,set,dry,
37669,,OEL-122,,set,dry,
37676,,OEL-122,,set,dry,
37681,,OEL-122,,set,dry,
37689,,OEL-122,,set,dry,
37694,,OEL-122,,set,dry,
37697,,OEL-122,,set,dry,
37701,,OEL-122,,set,dry,
37794,,null,,null,dry,
37811,,OEL-123,,set,dry,
37824,,OEL-123,,set,dry,
37850,,OEL-123,,set,dry,
37854,,OEL-123,,set,dry,
37855,,OEL-123,,set,dry,
37863,,OEL-123,,set,dry,
37872,,OEL-123,,set,dry,
37880,,OEL-123,,set,dry,
37871,,OEL-123,,set,dry,
37884,,OEL-123,,set,dry,
37894,,OEL-123,,set,dry,
37895,,OEL-123,,set,dry,
37902,,OEL-123,,set,dry,
37906,,OEL-123,,set,dry,
37910,,OEL-123,,set,dry,
37914,,OEL-123,,set,dry,
37919,,OEL-123,,set,dry,
39406,,OEL-135,,set,dry,
39428,,OEL-135,,set,dry,
39435,,OEL-135,,set,dry,
38006,,OEL-124,,set,dry,
38010,,OEL-124,,set,dry,
38015,,OEL-124,,set,dry,
38024,,OEL-124,,set,dry,
38029,,OEL-124,,set,dry,
38036,,OEL-124,,set,dry,
38046,,OEL-124,,set,dry,
38054,,OEL-124,,set,dry,
38058,,OEL-124,,set,dry,
38065,,OEL-124,,set,dry,
38071,,OEL-124,,set,dry,
38075,,OEL-124,,set,dry,
38081,,OEL-124,,set,dry,
38155,,OEL-125,,set,dry,
38110,,OEL-125,,set,dry,
38113,,OEL-125,,set,dry,
38121,,OEL-125,,set,dry,
38126,,OEL-125,,set,dry,
38139,,OEL-125,,set,dry,
38144,,OEL-125,,set,dry,
38150,,OEL-125,,set,dry,
38160,,OEL-125,,set,dry,
38165,,OEL-125,,set,dry,
38173,,OEL-125,,set,dry,
38180,,OEL-125,,set,dry,
38184,,OEL-125,,set,dry,
38188,,OEL-125,,set,dry,
38214,,OEL-126,,set,dry,
38203,,OEL-126,,set,dry,
38221,,OEL-126,,set,dry,
38222,,OEL-126,,set,dry,
38227,,OEL-126,,set,dry,
38232,,OEL-126,,set,dry,
38233,,OEL-126,,set,dry,
38245,,OEL-126,,set,dry,
38246,,OEL-126,,set,dry,
38253,,OEL-126,,set,dry,
38258,,OEL-126,,set,dry,
38263,,OEL-126,,set,dry,
38267,,OEL-126,,set,dry,
38274,,OEL-126,,set,dry,
38279,,OEL-126,,set,dry,
38284,,OEL-126,,set,dry,
38289,,OEL-126,,set,dry,
38295,,OEL-126,,set,dry,
38356,,OEL-127,,set,dry,
38329,,OEL-127,,set,dry,
38350,,OEL-127,,set,dry,
38359,,OEL-127,,set,dry,
38363,,OEL-127,,set,dry,
38367,,OEL-127,,set,dry,
38371,,OEL-127,,set,dry,
38376,,OEL-127,,set,dry,
38381,,OEL-127,,set,dry,
38382,,OEL-127,,set,dry,
38389,,OEL-127,,set,dry,
38394,,OEL-127,,set,dry,
38399,,OEL-127,,set,dry,
38403,,OEL-127,,set,dry,
38407,,OEL-127,,set,dry,
38413,,OEL-127,,set,dry,
38414,,OEL-127,,set,dry,
38442,,OEL-161,,set,dry,
38459,,OEL-128,,set,dry,
38456,,null,,null,dry,
38470,,OEL-128,,set,dry,
38505,,OEL-128,,set,dry,
38513,,OEL-128,,set,dry,
38514,,OEL-128,,set,dry,
38520,,null,,null,dry,
38533,,null,,null,dry,
38541,,OEL-128,,set,dry,
38553,,null,,null,dry,
38542,,OEL-128,,set,dry,
38560,,OEL-128,,set,dry,
38561,,OEL-128,,set,dry,
38575,,OEL-128,,set,dry,
38576,,OEL-128,,set,dry,
38584,,OEL-128,,set,dry,
38585,,OEL-128,,set,dry,
38594,,OEL-128,,set,dry,
38595,,OEL-128,,set,dry,
38602,,OEL-128,,set,dry,
38603,,OEL-128,,set,dry,
38610,,OEL-128,,set,dry,
38611,,OEL-128,,set,dry,
38618,,OEL-128,,set,dry,
38619,,OEL-128,,set,dry,
38626,,null,,null,dry,
38652,,OEL-128,,set,dry,
38653,,OEL-128,,set,dry,
38664,,OEL-128,,set,dry,
38668,,OEL-128,,set,dry,
38671,,OEL-128,,set,dry,
38678,,OEL-128,,set,dry,
38679,,OEL-128,,set,dry,
38687,,OEL-128,,set,dry,
38688,,OEL-128,,set,dry,
38695,,OEL-128,,set,dry,
38696,,OEL-128,,set,dry,
38706,,OEL-128,,set,dry,
38754,,OEL-129,,set,dry,
38761,,OEL-129,,set,dry,
38766,,OEL-129,,set,dry,
38767,,OEL-129,,set,dry,
38776,,OEL-129,,set,dry,
38778,,OEL-129,,set,dry,
38806,,OEL-129,,set,dry,
38807,,OEL-129,,set,dry,
38814,,OEL-129,,set,dry,
38813,,OEL-129,,set,dry,
40648,,null,,null,dry,
38830,,OEL-129,,set,dry,
38834,,OEL-129,,set,dry,
38838,,OEL-129,,set,dry,
38843,,OEL-129,,set,dry,
38847,,OEL-129,,set,dry,
38852,,OEL-129,,set,dry,
38856,,OEL-129,,set,dry,
38860,,OEL-129,,set,dry,
38863,,OEL-129,,set,dry,
38869,,OEL-129,,set,dry,
38873,,OEL-129,,set,dry,
38881,,OEL-129,,set,dry,
38886,,OEL-129,,set,dry,
38895,,OEL-129,,set,dry,
38904,,OEL-129,,set,dry,
38907,,OEL-129,,set,dry,
38910,,OEL-129,,set,dry,
38924,,OEL-129,,set,dry,
38941,,OEL-129,,set,dry,
38947,,OEL-130,,set,dry,
38963,,OEL-130,,set,dry,
38971,,OEL-130,,set,dry,
38972,,OEL-130,,set,dry,
38978,,OEL-130,,set,dry,
38983,,OEL-130,,set,dry,
38988,,OEL-130,,set,dry,
38992,,OEL-130,,set,dry,
38999,,OEL-130,,set,dry,
38997,,OEL-130,,set,dry,
39005,,OEL-130,,set,dry,
39015,,OEL-130,,set,dry,
39020,,OEL-130,,set,dry,
39025,,OEL-130,,set,dry,
39034,,OEL-130,,set,dry,
39035,,OEL-130,,set,dry,
39040,,OEL-130,,set,dry,
39063,,OEL-133,,set,dry,
39066,,null,,null,dry,
39086,,OEL-133,,set,dry,
39090,,OEL-133,,set,dry,
39091,,OEL-133,,set,dry,
39099,,OEL-133,,set,dry,
39101,,OEL-133,,set,dry,
39108,,OEL-133,,set,dry,
39113,,OEL-133,,set,dry,
39117,,OEL-133,,set,dry,
39118,,OEL-133,,set,dry,
39122,,OEL-133,,set,dry,
39128,,OEL-133,,set,dry,
39132,,OEL-133,,set,dry,
39134,,OEL-133,,set,dry,
39143,,OEL-133,,set,dry,
39147,,OEL-133,,set,dry,
39152,,OEL-133,,set,dry,
39157,,OEL-133,,set,dry,
39158,,OEL-133,,set,dry,
39180,,OEL-134,,set,dry,
39207,,OEL-134,,set,dry,
39214,,OEL-134,,set,dry,
39219,,OEL-134,,set,dry,
39221,,OEL-134,,set,dry,
39227,,OEL-134,,set,dry,
39236,,OEL-134,,set,dry,
39237,,OEL-134,,set,dry,
39247,,OEL-134,,set,dry,
39256,,OEL-134,,set,dry,
39257,,OEL-134,,set,dry,
39268,,OEL-134,,set,dry,
39271,,OEL-134,,set,dry,
39276,,OEL-134,,set,dry,
39279,,null,,null,dry,
39374,,OEL-134,,set,dry,
39375,,OEL-134,,set,dry,
39387,,OEL-134,,set,dry,
39436,,OEL-135,,set,dry,
39446,,OEL-135,,set,dry,
39452,,OEL-135,,set,dry,
39453,,OEL-135,,set,dry,
39457,,OEL-135,,set,dry,
39465,,OEL-135,,set,dry,
39466,,OEL-135,,set,dry,
39479,,OEL-135,,set,dry,
39486,,OEL-135,,set,dry,
39491,,OEL-135,,set,dry,
40087,,OEL-140,,set,dry,
39495,,OEL-135,,set,dry,
39501,,OEL-135,,set,dry,
39505,,OEL-135,,set,dry,
39506,,OEL-135,,set,dry,
39514,,OEL-135,,set,dry,
39515,,OEL-135,,set,dry,
39522,,OEL-135,,set,dry,
39562,,OEL-136,,set,dry,
39582,,OEL-136,,set,dry,
39586,,OEL-136,,set,dry,
39587,,OEL-136,,set,dry,
39594,,OEL-136,,set,dry,
39598,,OEL-136,,set,dry,
39602,,OEL-136,,set,dry,
39606,,OEL-136,,set,dry,
39610,,OEL-136,,set,dry,
39615,,OEL-136,,set,dry,
39622,,OEL-136,,set,dry,
39623,,OEL-136,,set,dry,
39626,,OEL-136,,set,dry,
39633,,OEL-136,,set,dry,
39637,,OEL-136,,set,dry,
39638,,OEL-136,,set,dry,
39646,,OEL-136,,set,dry,
39662,,OEL-137,,set,dry,
39680,,OEL-137,,set,dry,
39684,,OEL-137,,set,dry,
39689,,OEL-137,,set,dry,
39695,,OEL-137,,set,dry,
39696,,OEL-137,,set,dry,
39697,,OEL-137,,set,dry,
39698,,OEL-137,,set,dry,
39708,,OEL-137,,set,dry,
39709,,OEL-137,,set,dry,
39713,,OEL-137,,set,dry,
39719,,OEL-137,,set,dry,
39729,,OEL-137,,set,dry,
39730,,OEL-137,,set,dry,
39741,,OEL-137,,set,dry,
39738,,OEL-137,,set,dry,
40922,,OEL-162,,set,dry,
39777,,OEL-138,,set,dry,
39798,,OEL-138,,set,dry,
39802,,OEL-138,,set,dry,
39806,,OEL-136,,set,dry,
39811,,OEL-138,,set,dry,
39812,,OEL-138,,set,dry,
39813,,OEL-138,,set,dry,
39822,,OEL-138,,set,dry,
39823,,OEL-138,,set,dry,
39824,,OEL-138,,set,dry,
39852,,OEL-138,,set,dry,
39853,,OEL-138,,set,dry,
39872,,OEL-138,,set,dry,
39854,,OEL-138,,set,dry,
39873,,OEL-138,,set,dry,
39913,,OEL-139,,set,dry,
39939,,OEL-139,,set,dry,
39943,,OEL-139,,set,dry,
39947,,OEL-139,,set,dry,
39950,,OEL-139,,set,dry,
39954,,OEL-139,,set,dry,
39959,,OEL-139,,set,dry,
39963,,OEL-139,,set,dry,
39970,,OEL-139,,set,dry,
39971,,OEL-139,,set,dry,
39978,,OEL-139,,set,dry,
39982,,OEL-139,,set,dry,
39984,,OEL-139,,set,dry,
40036,,OEL-140,,set,dry,
40040,,OEL-140,,set,dry,
40049,,OEL-140,,set,dry,
40048,,OEL-140,,set,dry,
40055,,OEL-140,,set,dry,
40060,,OEL-140,,set,dry,
40062,,OEL-140,,set,dry,
40065,,OEL-140,,set,dry,
40070,,OEL-140,,set,dry,
40080,,OEL-140,,set,dry,
40091,,OEL-140,,set,dry,
40098,,OEL-140,,set,dry,
40104,,OEL-140,,set,dry,
40099,,OEL-140,,set,dry,
40118,,OEL-140,,set,dry,
40113,,OEL-140,,set,dry,
40191,,OEL-141,,set,dry,
40196,,OEL-141,,set,dry,
40202,,OEL-141,,set,dry,
40212,,OEL-141,,set,dry,
40217,,OEL-141,,set,dry,
40226,,OEL-141,,set,dry,
40237,,OEL-141,,set,dry,
40283,,OEL-142,,set,dry,
40290,,OEL-142,,set,dry,
40294,,OEL-142,,set,dry,
40299,,OEL-142,,set,dry,
40305,,OEL-142,,set,dry,
40310,,OEL-142,,set,dry,
40317,,OEL-142,,set,dry,
40322,,OEL-142,,set,dry,
40327,,OEL-142,,set,dry,
40333,,OEL-142,,set,dry,
40338,,OEL-142,,set,dry,
40365,,OEL-143,,set,dry,
40369,,OEL-143,,set,dry,
40373,,OEL-143,,set,dry,
40374,,OEL-143,,set,dry,
40383,,OEL-143,,set,dry,
40389,,OEL-143,,set,dry,
40391,,OEL-143,,set,dry,
40395,,OEL-143,,set,dry,
40406,,OEL-143,,set,dry,
40422,,OEL-143,,set,dry,
40453,,OEL-144,,set,dry,
40457,,OEL-144,,set,dry,
40461,,OEL-144,,set,dry,
40466,,OEL-144,,set,dry,
40472,,OEL-144,,set,dry,
40477,,OEL-144,,set,dry,
40488,,OEL-144,,set,dry,
40494,,OEL-144,,set,dry,
40495,,OEL-144,,set,dry,
40502,,OEL-144,,set,dry,
40507,,OEL-144,,set,dry,
40514,,OEL-144,,set,dry,
40518,,OEL-144,,set,dry,
40678,,null,,null,dry,
40694,,OEL-162,,set,dry,
40702,,OEL-162,,set,dry,
40708,,OEL-162,,set,dry,
40714,,OEL-162,,set,dry,
40715,,OEL-162,,set,dry,
40712,,OEL-162,,set,dry,
40941,,OEL-162,,set,dry,
40948,,OEL-162,,set,dry,
40959,,OEL-162,,set,dry,
40968,,OEL-162,,set,dry,
40977,,OEL-162,,set,dry,
40984,,OEL-162,,set,dry,
41009,,null,,null,dry,
40988,,OEL-162,,set,dry,
40995,,OEL-162,,set,dry,
41038,,OEL-160,,set,dry,
41052,,OEL-160,,set,dry,
41058,,OEL-160,,set,dry,
41073,,OEL-159,,set,dry,
41084,,OEL-159,,set,dry,
41092,,OEL-159,,set,dry,
41901,,INS-6,,set,dry,
41634,,null,,null,dry,
41113,,OEL-153,,set,dry,
41125,,OEL-158,,set,dry,
41139,,null,,null,dry,
42235,,null,,null,dry,
41204,,null,,null,dry,
41218,,OEL-155,,set,dry,
41226,,OEL-155,,set,dry,
41241,,OEL-155,,set,dry,
41249,,OEL-155,,set,dry,
41256,,OEL-155,,set,dry,
41266,,OEL-155,,set,dry,
41277,,null,,null,dry,
41283,,null,,null,dry,
41331,,null,,null,dry,
41351,,null,,null,dry,
41369,,null,,null,dry,
43152,,null,,null,dry,
43666,,null,,null,dry,
43654,,null,,null,dry,
42194,,INS-7,,set,dry,
41455,,null,,null,dry,
41627,,null,,null,dry,
42178,,INS-7,,set,dry,
41639,,null,,null,dry,
41647,,null,,null,dry,
42265,,null,,null,dry,
41912,,INS-6,,set,dry,
41923,,INS-6,,set,dry,
41934,,INS-6,,set,dry,
41939,,INS-6,,set,dry,
41947,,INS-6,,set,dry,
41954,,INS-6,,set,dry,
41984,,INS-3,,set,dry,
42001,,INS-3,,set,dry,
42010,,INS-3,,set,dry,
42014,,INS-3,,set,dry,
42018,,INS-3,,set,dry,
42022,,INS-3,,set,dry,
42026,,INS-3,,set,dry,
42246,,null,,null,dry,
42219,,INS-7,,set,dry,
42224,,INS-7,,set,dry,
42200,,INS-7,,set,dry,
42210,,INS-7,,set,dry,
42215,,INS-7,,set,dry,
42159,,null,,null,dry,
42070,,OEL-163,,set,dry,
42082,,OEL-163,,set,dry,
42129,,OEL-163,,set,dry,
42098,,OEL-163,,set,dry,
42113,,OEL-163,,set,dry,
42122,,OEL-163,,set,dry,
42206,,INS-7,,set,dry,
42332,,null,,null,dry,
42352,,null,,null,dry,
42386,,null,,null,dry,
42416,,INS-8,,set,dry,
42445,,INS-8,,set,dry,
42449,,INS-8,,set,dry,
42459,,INS-8,,set,dry,
42463,,INS-8,,set,dry,
42469,,INS-8,,set,dry,
42478,,OEL-164,,set,dry,
42488,,INS-9,,set,dry,
42497,,INS-9,,set,dry,
42502,,INS-9,,set,dry,
42508,,INS-9,,set,dry,
42512,,INS-9,,set,dry,
42517,,INS-9,,set,dry,
42526,,INS-9,,set,dry,
42530,,INS-9,,set,dry,
42534,,INS-9,,set,dry,
42582,,INS-10,,set,dry,
42602,,INS-10,,set,dry,
42636,,INS-10,,set,dry,
42633,,INS-10,,set,dry,
43076,,INS-11,,set,dry,
42615,,INS-10,,set,dry,
42618,,INS-10,,set,dry,
42621,,INS-10,,set,dry,
42625,,INS-10,,set,dry,
42679,,null,,null,dry,
42690,,null,,null,dry,
42733,,OEL-163,,set,dry,
42724,,OEL-163,,set,dry,
42740,,null,,null,dry,
42751,,OEL-163,,set,dry,
42759,,OEL-163,,set,dry,
42784,,OEL-163,,set,dry,
42775,,OEL-163,,set,dry,
42785,,OEL-163,,set,dry,
42809,,null,,null,dry,
42822,,null,,null,dry,
42830,,null,,null,dry,
42840,,OEL-164,,set,dry,
43041,,null,,null,dry,
43031,,null,,null,dry,
43085,,INS-11,,set,dry,
43094,,INS-11,,set,dry,
43098,,INS-11,,set,dry,
43104,,INS-11,,set,dry,
43113,,INS-11,,set,dry,
43118,,INS-11,,set,dry,
43123,,INS-11,,set,dry,
43128,,INS-11,,set,dry,
43132,,INS-11,,set,dry,
43136,,INS-11,,set,dry,
43207,,null,,null,dry,
43250,,null,,null,dry,
43261,,null,,null,dry,
43294,,INS-12,,set,dry,
43302,,INS-12,,set,dry,
43308,,INS-12,,set,dry,
43312,,INS-12,,set,dry,
43320,,INS-12,,set,dry,
43451,,OEL-164,,set,dry,
43348,,null,,null,dry,
43358,,INS-12,,set,dry,
43366,,INS-12,,set,dry,
43373,,INS-12,,set,dry,
43377,,INS-12,,set,dry,
43431,,null,,null,dry,
43468,,OEL-164,,set,dry,
43481,,OEL-164,,set,dry,
43490,,null,,null,dry,
43496,,null,,null,dry,
43501,,null,,null,dry,
43509,,OEL-164,,set,dry,
43520,,OEL-164,,set,dry,
43525,,OEL-164,,set,dry,
43532,,OEL-164,,set,dry,
43534,,OEL-164,,set,dry,
43567,,OEL-164,,set,dry,
43569,,OEL-164,,set,dry,
43552,,OEL-164,,set,dry,
43561,,OEL-164,,set,dry,
43575,,OEL-164,,set,dry,
43582,,OEL-164,,set,dry,
43593,,OEL-164,,set,dry,
43616,,null,,null,dry,
44016,,null,,null,dry,
43632,,null,,null,dry,
43712,,null,,null,dry,
43823,,INS-14,,set,dry,
43724,,INS-13,,set,dry,
43732,,INS-13,,set,dry,
43742,,INS-13,,set,dry,
43746,,INS-13,,set,dry,
43755,,INS-13,,set,dry,
43759,,INS-13,,set,dry,
43766,,INS-13,,set,dry,
43773,,INS-13,,set,dry,
43830,,INS-14,,set,dry,
43843,,INS-14,,set,dry,
43849,,INS-14,,set,dry,
43857,,INS-14,,set,dry,
43861,,INS-14,,set,dry,
43869,,INS-14,,set,dry,
43875,,INS-14,,set,dry,
43879,,INS-14,,set,dry,
43883,,INS-14,,set,dry,
43894,,null,,null,dry,
43890,,null,,null,dry,
43905,,null,,null,dry,
43916,,null,,null,dry,
43951,,null,,null,dry,
43958,,null,,null,dry,
44053,,OEL-165,,set,dry,
44039,,OEL-165,,set,dry,
44060,,OEL-165,,set,dry,
44069,,OEL-165,,set,dry,
44072,,OEL-165,,set,dry,
44079,,OEL-165,,set,dry,
44083,,OEL-165,,set,dry,
44104,,null,,null,dry,
44116,,null,,null,dry,
44155,,null,,null,dry,
44163,,null,,null,dry,
44171,,null,,null,dry,
44197,,INS-15,,set,dry,
44207,,INS-15,,set,dry,
44219,,INS-15,,set,dry,
44227,,INS-15,,set,dry,
44292,,INS-15,,set,dry,
44312,,INS-15,,set,dry,
44301,,INS-15,,set,dry,
44311,,INS-15,,set,dry,
44567,,INS-17,,set,dry,
45436,,null,,null,dry,
44390,,null,,null,dry,
44400,,INS-16,,set,dry,
44410,,INS-16,,set,dry,
44431,,INS-16,,set,dry,
44436,,INS-16,,set,dry,
44446,,INS-16,,set,dry,
44464,,INS-16,,set,dry,
44468,,INS-16,,set,dry,
44473,,INS-16,,set,dry,
44478,,INS-16,,set,dry,
44940,,OEL-165,,set,dry,
44495,,INS-16,,set,dry,
44500,,null,,null,dry,
44546,,null,,null,dry,
44550,,OEL-165,,set,dry,
44623,,INS-17,,set,dry,
44580,,INS-17,,set,dry,
44584,,INS-17,,set,dry,
44598,,INS-17,,set,dry,
44601,,INS-17,,set,dry,
44607,,INS-17,,set,dry,
44610,,INS-17,,set,dry,
44614,,INS-17,,set,dry,
44618,,INS-17,,set,dry,
45085,,INS-20,,set,dry,
44643,,INS-18,,set,dry,
44650,,INS-18,,set,dry,
44654,,INS-18,,set,dry,
44660,,INS-18,,set,dry,
44667,,INS-18,,set,dry,
44671,,INS-18,,set,dry,
44675,,INS-18,,set,dry,
44681,,INS-18,,set,dry,
44686,,INS-18,,set,dry,
44690,,INS-18,,set,dry,
44695,,INS-18,,set,dry,
44704,,INS-18,,set,dry,
44734,,INS-19,,set,dry,
44744,,INS-19,,set,dry,
44748,,INS-19,,set,dry,
44752,,INS-19,,set,dry,
44761,,null,,null,dry,
44839,,null,,null,dry,
44776,,INS-19,,set,dry,
44780,,INS-19,,set,dry,
44789,,INS-19,,set,dry,
44793,,INS-19,,set,dry,
44797,,INS-19,,set,dry,
44824,,null,,null,dry,
44844,,null,,null,dry,
44855,,OEL-166,,set,dry,
44949,,OEL-165,,set,dry,
44957,,OEL-165,,set,dry,
44966,,OEL-165,,set,dry,
44994,,OEL-165,,set,dry,
44976,,OEL-165,,set,dry,
44981,,OEL-165,,set,dry,
45000,,OEL-165,,set,dry,
45006,,OEL-165,,set,dry,
45021,,OEL-165,,set,dry,
45028,,OEL-165,,set,dry,
45046,,null,,null,dry,
45430,,null,,null,dry,
45067,,null,,null,dry,
45092,,INS-20,,set,dry,
45099,,INS-20,,set,dry,
45105,,INS-20,,set,dry,
45116,,INS-20,,set,dry,
45111,,INS-20,,set,dry,
45120,,INS-20,,set,dry,
45127,,INS-20,,set,dry,
45152,,OEL-166,,set,dry,
45163,,OEL-166,,set,dry,
45183,,OEL-166,,set,dry,
45193,,OEL-166,,set,dry,
45200,,OEL-166,,set,dry,
45208,,OEL-166,,set,dry,
45213,,OEL-166,,set,dry,
45214,,OEL-166,,set,dry,
45225,,OEL-166,,set,dry,
45245,,OEL-166,,set,dry,
45246,,OEL-166,,set,dry,
45247,,OEL-166,,set,dry,
45248,,OEL-166,,set,dry,
45300,,INS-21,,set,dry,
45296,,INS-21,,set,dry,
45309,,INS-21,,set,dry,
45318,,INS-21,,set,dry,
45324,,INS-21,,set,dry,
45329,,INS-21,,set,dry,
45335,,INS-21,,set,dry,
45340,,INS-21,,set,dry,
45344,,INS-21,,set,dry,
45348,,INS-21,,set,dry,
45356,,INS-21,,set,dry,
45361,,INS-21,,set,dry,
45366,,INS-21,,set,dry,
45370,,INS-21,,set,dry,
45374,,INS-21,,set,dry,
45378,,INS-21,,set,dry,
45382,,INS-21,,set,dry,
45398,,null,,null,dry,
45443,,null,,null,dry,
45476,,null,,null,dry,
45484,,null,,null,dry,
45494,,null,,null,dry,
45504,,OEL-167,,set,dry,
45541,,null,,null,dry,
45549,,null,,null,dry,
45575,,INS-22,,set,dry,
45585,,INS-22,,set,dry,
45591,,INS-22,,set,dry,
45595,,INS-22,,set,dry,
45599,,INS-22,,set,dry,
45603,,INS-22,,set,dry,
45609,,INS-22,,set,dry,
45613,,INS-22,,set,dry,
45617,,INS-22,,set,dry,
45621,,INS-22,,set,dry,
45639,,INS-22,,set,dry,
45644,,INS-22,,set,dry,
45650,,INS-22,,set,dry,
45662,,INS-22,,set,dry,
45667,,INS-22,,set,dry,
45668,,null,,null,dry,
45674,,INS-22,,set,dry,
45678,,INS-22,,set,dry,
45696,,null,,null,dry,
45707,,OEL-167,,set,dry,
45720,,OEL-167,,set,dry,
45728,,OEL-167,,set,dry,
45737,,OEL-167,,set,dry,
45746,,OEL-167,,set,dry,
45749,,INS-23,,set,dry,
45755,,OEL-167,,set,dry,
45764,,OEL-167,,set,dry,
45873,,OEL-167,,set,dry,
45877,,OEL-167,,set,dry,
45775,,INS-23,,set,dry,
45784,,INS-23,,set,dry,
45791,,INS-23,,set,dry,
45796,,INS-23,,set,dry,
45800,,INS-23,,set,dry,
45804,,INS-23,,set,dry,
45808,,INS-23,,set,dry,
45812,,INS-23,,set,dry,
45816,,INS-23,,set,dry,
45824,,INS-23,,set,dry,
45832,,OEL-167,,set,dry,
45838,,OEL-167,,set,dry,
45841,,INS-23,,set,dry,
45845,,INS-23,,set,dry,
45853,,null,,null,dry,
45854,,INS-23,,set,dry,
45860,,INS-23,,set,dry,
45865,,INS-23,,set,dry,
45897,,OEL-167,,set,dry,
45905,,OEL-167,,set,dry,
45908,,OEL-167,,set,dry,
45918,,OEL-24,,set,dry,
45929,,OEL-24,,set,dry,
45933,,INS-24,,set,dry,
45937,,INS-24,,set,dry,
45943,,INS-24,,set,dry,
45951,,INS-24,,set,dry,
45958,,INS-24,,set,dry,
46058,,null,,null,dry,
46024,,INS-24,,set,dry,
46032,,INS-24,,set,dry,
46498,,null,,null,dry,
46113,,INS-25,,set,dry,
46066,,null,,null,dry,
46073,,OEL-168,,set,dry,
46093,,null,,null,dry,
46127,,INS-25,,set,dry,
46129,,INS-25,,set,dry,
46133,,INS-25,,set,dry,
46142,,INS-25,,set,dry,
46148,,INS-25,,set,dry,
46155,,INS-25,,set,dry,
46161,,INS-25,,set,dry,
46168,,INS-25,,set,dry,
46172,,INS-25,,set,dry,
46179,,INS-25,,set,dry,
46187,,INS-25,,set,dry,
46195,,INS-25,,set,dry,
46204,,INS-25,,set,dry,
46213,,INS-25,,set,dry,
46217,,INS-25,,set,dry,
46224,,INS-25,,set,dry,
46234,,INS-26,,set,dry,
46242,,INS-26,,set,dry,
46252,,INS-26,,set,dry,
46258,,INS-26,,set,dry,
46263,,INS-26,,set,dry,
46267,,INS-26,,set,dry,
46273,,INS-26,,set,dry,
46293,,INS-26,,set,dry,
46289,,INS-26,,set,dry,
46297,,INS-26,,set,dry,
46301,,INS-26,,set,dry,
46435,,INS-27,,set,dry,
46445,,INS-27,,set,dry,
46449,,INS-27,,set,dry,
46453,,INS-27,,set,dry,
46457,,INS-27,,set,dry,
46461,,INS-27,,set,dry,
46466,,INS-27,,set,dry,
46470,,INS-27,,set,dry,
46477,,INS-27,,set,dry,
46481,,INS-27,,set,dry,
46486,,INS-27,,set,dry,
46514,,INS-28,,set,dry,
46521,,INS-28,,set,dry,
46525,,INS-28,,set,dry,
46529,,INS-28,,set,dry,
46533,,INS-28,,set,dry,
46538,,INS-28,,set,dry,
46542,,INS-28,,set,dry,
46548,,INS-28,,set,dry,
46554,,INS-28,,set,dry,
46598,,INS-29,,set,dry,
46607,,INS-29,,set,dry,
46612,,INS-29,,set,dry,
46616,,INS-29,,set,dry,
46622,,INS-29,,set,dry,
46626,,INS-29,,set,dry,
46636,,INS-29,,set,dry,
46640,,INS-29,,set,dry,
46645,,INS-29,,set,dry,
46666,,INS-30,,set,dry,
46673,,INS-30,,set,dry,
46682,,INS-30,,set,dry,
46683,,null,,null,dry,
46690,,INS-30,,set,dry,
46694,,INS-30,,set,dry,
46699,,INS-30,,set,dry,
46703,,INS-30,,set,dry,
46709,,INS-30,,set,dry,
46713,,INS-30,,set,dry,
46721,,INS-30,,set,dry,
46725,,INS-30,,set,dry,
46729,,INS-30,,set,dry,
46733,,INS-30,,set,dry,
46744,,null,,null,dry,
46752,,null,,null,dry,
46760,,null,,null,dry,
46769,,null,,null,dry,
46777,,null,,null,dry,
46782,,null,,null,dry,
46788,,null,,null,dry,
46794,,null,,null,dry,
46800,,null,,null,dry,
46806,,null,,null,dry,
46812,,null,,null,dry,
46818,,null,,null,dry,
46823,,null,,null,dry,
46828,,null,,null,dry,
46833,,null,,null,dry,
46837,,null,,null,dry,
46844,,null,,null,dry,
46848,,null,,null,dry,
46856,,null,,null,dry,
46905,,null,,null,dry,
46866,,null,,null,dry,
46874,,null,,null,dry,
46879,,null,,null,dry,
46884,,null,,null,dry,
46889,,null,,null,dry,
46896,,null,,null,dry,
46900,,null,,null,dry,
46917,,null,,null,dry,
46912,,null,,null,dry,
46920,,null,,null,dry,
46924,,null,,null,dry,
46927,,null,,null,dry,
46932,,null,,null,dry,
46936,,null,,null,dry,
46940,,null,,null,dry,
46955,,null,,null,dry,
46961,,null,,null,dry,
46963,,null,,null,dry,
46971,,null,,null,dry,
46969,,null,,null,dry,
46982,,null,,null,dry,
46985,,null,,null,dry,
47014,,null,,null,dry,
47043,,OEL-168,,set,dry,
47056,,OEL-168,,set,dry,
47072,,OEL-168,,set,dry,
47095,,OEL-168,,set,dry,
47115,,OEL-168,,set,dry,
47125,,OEL-168,,set,dry,
47308,,OEL-168,,set,dry,
47324,,OEL-168,,set,dry,
47343,,OEL-168,,set,dry,
47350,,OEL-168,,set,dry,
47369,,OEL-168,,set,dry,
47375,,OEL-168,,set,dry,
47440,,OEL-168,,set,dry,
47453,,OEL-168,,set,dry,
47459,,OEL-168,,set,dry,
48014,,null,,null,dry,
48038,,null,,null,dry,
48061,,null,,null,dry,
48131,,OEL-169,,set,dry,
48826,,null,,null,dry,
48226,,null,,null,dry,
48264,,OEL-169,,set,dry,
48270,,OEL-169,,set,dry,
48283,,OEL-169,,set,dry,
48298,,null,,null,dry,
48316,,OEL-169,,set,dry,
48323,,OEL-169,,set,dry,
48334,,OEL-169,,set,dry,
48347,,OEL-169,,set,dry,
48352,,OEL-169,,set,dry,
48359,,OEL-169,,set,dry,
48364,,OEL-169,,set,dry,
48381,,null,,null,dry,
48392,,null,,null,dry,
48400,,OEL-169,,set,dry,
48406,,null,,null,dry,
48453,,OEL-170,,set,dry,
48463,,OEL-170,,set,dry,
48499,,null,,null,dry,
48529,,null,,null,dry,
15767560,,null,,null,dry,
48554,,null,,null,dry,
48569,,null,,null,dry,
48638,,null,,null,dry,
48725,,null,,null,dry,
48729,,null,,null,dry,
48739,,null,,null,dry,
48751,,null,,null,dry,
48820,,null,,null,dry,
48833,,null,,null,dry,
48835,,null,,null,dry,
48864,,null,,null,dry,
15767545,,null,,null,dry,
15767554,,null,,null,dry,
15767583,,null,,null,dry,
15767587,,null,,null,dry,
15767596,,OEL-160,,set,dry,
15767602,,OEL-151,,set,dry,
15767607,,OEL-92,,set,dry,
15767617,,null,,null,dry,
15767716,,OEL-170,,set,dry,
15767619,,OEL-31,,set,dry,
15767628,,OEL-156,,set,dry,
15767636,,OEL-100,,set,dry,
15767646,,null,,null,dry,
15767654,,null,,null,dry,
15767693,,OEL-170,,set,dry,
15767704,,OEL-170,,set,dry,
15767853,,OEL-170,,set,dry,
15767709,,OEL-170,,set,dry,
15767721,,OEL-170,,set,dry,
15767732,,OEL-170,,set,dry,
15767777,,OEL-170,,set,dry,
15767793,,OEL-170,,set,dry,
15767805,,OEL-170,,set,dry,
15767870,,OEL-170,,set,dry,
15767876,,OEL-170,,set,dry,
15767881,,OEL-170,,set,dry,
15767894,,OEL-170,,set,dry,
15767910,,OEL-170,,set,dry,
15767927,,null,,null,dry,
15767935,,null,,null,dry,
15767941,,null,,null,dry,
15767960,,null,,null,dry,
15767977,,OEL-171,,set,dry,
15768001,,null,,null,dry,
15768010,,null,,null,dry,
15768021,,null,,null,dry,
15768082,,null,,null,dry,
15768203,,null,,null,dry,
15768050,,OEL-169,,set,dry,
15768270,,null,,null,dry,
15768170,,null,,null,dry,
15768184,,null,,null,dry,
15768206,,null,,null,dry,
15768284,,null,,null,dry,
15768246,,null,,null,dry,
15768292,,null,,null,dry,
15768303,,null,,null,dry,
15768313,,null,,null,dry,
15768324,,null,,null,dry,
15768320,,null,,null,dry,
15768338,,null,,null,dry,
15768346,,null,,null,dry,
15768380,,null,,null,dry,
15768398,,OEL-170,,set,dry,
15768407,,OEL-170,,set,dry,
15768415,,OEL-170,,set,dry,
15768416,,OEL-170,,set,dry,
15768431,,null,,null,dry,
15768443,,null,,null,dry,
15768513,,OEL-171,,set,dry,
15768527,,OEL-171,,set,dry,
15768536,,OEL-171,,set,dry,
15768562,,OEL-171,,set,dry,
15768861,,null,,null,dry,
15768578,,null,,null,dry,
15768610,,OEL-171,,set,dry,
15768643,,OEL-171,,set,dry,
15768666,,null,,null,dry,
15768670,,OEL-171,,set,dry,
15768692,,null,,null,dry,
15768704,,null,,null,dry,
15768719,,null,,null,dry,
15768723,,OEL-171,,set,dry,
15768747,,null,,null,dry,
15768753,,null,,null,dry,
15768773,,OEL-172,,set,dry,
15768796,,OEL-171,,set,dry,
15768805,,OEL-171,,set,dry,
15768818,,null,,null,dry,
15768905,,null,,null,dry,
15768915,,null,,null,dry,
15769084,,null,,null,dry,
15768945,,OEL-172,,set,dry,
15768957,,OEL-172,,set,dry,
15768953,,null,,null,dry,
15768954,,null,,null,dry,
15768975,,null,,null,dry,
15768992,,null,,null,dry,
15768994,,OEL-172,,set,dry,
15768996,,OEL-172,,set,dry,
15768997,,OEL-172,,set,dry,
15769000,,OEL-172,,set,dry,
15769019,,OEL-172,,set,dry,
15769035,,OEL-172,,set,dry,
15769049,,null,,null,dry,
15769050,,null,,null,dry,
15769045,,null,,null,dry,
15769047,,null,,null,dry,
15769052,,null,,null,dry,
15769054,,null,,null,dry,
15769056,,OEL-172,,set,dry,
15769058,,OEL-172,,set,dry,
15769070,,null,,null,dry,
15769075,,null,,null,dry,
15769086,,OEL-172,,set,dry,
15769088,,OEL-172,,set,dry,
15769090,,OEL-172,,set,dry,
15769091,,OEL-172,,set,dry,
15769092,,OEL-172,,set,dry,
15769151,,null,,null,dry,
15769153,,null,,null,dry,
15769171,,null,,null,dry,
15769224,,null,,null,dry,
15769240,,null,,null,dry,
15769243,,null,,null,dry,
15769245,,null,,null,dry,
15769252,,null,,null,dry,
